section,discourse,word_count,doc_len,clause_len,emotion_pos,cause_pos,conn
1,当我看到建议被采纳部委领导写给我的回信时我知道我正在为这个国家的发展尽着一份力量27日河北省邢台钢铁有限公司的普通工人白金跃拿着历年来国家各部委反馈给他的感谢信激动地对中新网记者说27年来国家公安部国家工商总局国家科学技术委员会科技部卫生部国家发展改革委员会等部委均接受并采纳过的我的建议,144,9,"[9, 11, 20, 3, 19, 18, 10, 4, 50]",[7],[[9]],但当但与而就更但而
2,据白金跃介绍自1988年至今他向国家各部委提出合理化建议1000多条并多次被各部委采纳曾荣获国家十二五建言献策个人一等奖河北省建言献策三等奖当日跟中新网记者谈起建言献策的初衷白金跃陷入回忆并略显激动,99,9,"[6, 8, 20, 9, 27, 2, 15, 7, 5]",[9],[[8]],而而但但因但就与但
3,2002年6月3日上午当值的曾友蔚接报狮山镇小塘走马营村一树林里有一名年仅2岁多的小男孩躺在草地上无人认领曾友蔚立即赶到现场处置只见林中的草地上小男孩被包在一条毛巾里很孱弱不哭也不闹小眼珠子静静地望着眼前的警察叔叔曾友蔚打开包裹着的围巾小男孩胸口蔫瘦得让人心疼贴身处有一张写着出生年月的纸条和一封利是曾友蔚意识到这可能是个因病被弃的孩子,168,15,"[11, 8, 30, 4, 11, 8, 11, 3, 5, 16, 11, 12, 20, 6, 12]",[12],[[12]],由由而但而却而但但而当而而但但
4,为尽快将女子救下指挥员立即制订了救援方案第一组在楼下铺设救生气垫并对周围无关人员进行疏散另一组队员快速爬上6楼在楼内对女子进行劝说劝说过程中消防官兵了解到该女子是由于对方拖欠工程款家中又急需用钱生活压力大无奈才选择跳楼轻生,111,12,"[8, 12, 12, 12, 11, 10, 5, 7, 13, 7, 5, 9]",[12],"[[9, 10, 11]]",但总由但而便但但而但因但
5,依靠父母支持和在学校打工积攒下来的钱两人共投资50多万元办起了养鸡场去年11月开始售卖产品3个月的销售额已经达到了50多万元有这样一个好的开头两人既是自豪也是对前景充满了信心,87,7,"[18, 10, 6, 11, 17, 9, 16]",[7],[[6]],就而就而而总而
6,2013年6月在深圳打拼10年的吴树梁终于拿到大红的深圳市户口儿子吴同也随之迁入深圳但妻子丁维清却必须等候吴树梁入户满两年才能随迁半年后当初获得入户指标的那份欣喜因为老吴患上肺癌晚期的噩耗而荡然无存取而代之的是他对自己生存期的忧虑医生的判决是36个月这意味着老吴可能等不到妻子随迁入户深圳,144,12,"[7, 24, 11, 23, 3, 13, 18, 5, 11, 10, 4, 15]","[6, 9]","[[6], [12]]",由而而而而而因而就但而但但而而而但而因而就但而但
8,生不如死是老吴患癌后常有的想法由于大面积骨转移老吴每天都在剧痛里挣扎从2012年10月到现在老吴已经和晚期肺癌搏斗了30个月这个时间长度比医生最初给他的死亡判决已经超出了近10倍深圳宁养院的医生王劲也感到惊诧,104,8,"[15, 8, 11, 12, 16, 6, 21, 15]","[1, 8]","[[2, 3], [5, 7]]",但因而而而而但而但因而而而而但而
10,为了坚持到妻子入户老吴已经用尽了全力老吴因为其抗癌事迹广为人知如果老吴长时间不更新微博就会有网友担心老吴是不是去了2013年底老吴两个多月没有更新微博有网友担心地问他近况如何看到网友的发问正在经历靶向药耐药性剧痛期的他还是努力地敲下了四个字活着活着,124,12,"[9, 9, 13, 12, 14, 6, 12, 12, 7, 15, 13, 2]",[5],[[4]],但而而但但而而更但而但就
11,目前全家依靠她两千多元工资生活看病已负债累累如果我不在了妻子没有深圳户籍日子会更难总之是无奈和心酸但我也很感谢那些帮助我的网友义工宁养院还有家人的不离不弃我现在只能咬牙继续坚持希望能够达成心愿,96,9,"[15, 7, 6, 13, 8, 19, 9, 11, 8]",[5],"[[2, 4]]",但但但若但但但但但
12,目前全家依靠她两千多元工资生活看病已负债累累如果我不在了妻子没有深圳户籍日子会更难总之是无奈和心酸但我也很感谢那些帮助我的网友义工宁养院还有家人的不离不弃我现在只能咬牙继续坚持希望能够达成心愿,96,10,"[15, 7, 6, 8, 5, 8, 19, 9, 11, 8]",[7],"[[7, 8]]",但但但但但但但但但更
13,4月14日下午有微博网友爆料称通州台湖某制药厂内悬挂着数只死猫并配发图片众多网友指责如此虐猫太没有人性还有网友怀疑这是厂方处置流浪猫手段,68,7,"[7, 8, 16, 5, 10, 5, 17]",[6],[[5]],但更而但而但但
14,老公站在楼栋底下同站在6楼的妻子隔空拌嘴妻子一时激动竟从阳台滑下但幸运地挂在4楼晒衣架上老公立即大喊快抓紧我爱你妻子被温馨的话语感动自救成功,70,7,"[20, 12, 12, 9, 3, 10, 4]","[2, 6]","[[1], [6]]",与而但而但而但与但但而但当而
16,同月19日深夜11时韩男去电给小雯约在一处便利店前碰面小雯误认对方是她的邱姓男友而赴约2人见面之后小雯感到诧异却也接受韩男提议在公园内聊天散步没多久韩男竟强拉小雯到厕所企图性侵但因小雯反抗而未果韩男再强拉少女到运动场的司令台后方楼梯间性侵得逞,121,10,"[10, 17, 16, 6, 6, 8, 8, 17, 9, 24]",[5],[[3]],而而因当而但就但但而
17,五年了孩子一滴尿也没排过每天身上发痒疼痛胸口憋闷换不过气来经常大半夜睡不着觉我就骑摩托车带她出去遛弯看着曾经各方面优异的女儿如今成了这个样子张治英心疼不已在校期间张琼元每次考试都是前三名多年来一直担任班干部,103,11,"[3, 9, 17, 9, 12, 20, 7, 4, 12, 3, 7]",[7],[[6]],就但却却而就当但但但但
18,直到现在张治英还因为给女儿买不起大碗面自责不已,23,2,"[4, 19]",[2],[[2]],但而
19,前段时间在北京大学人民医院治疗时的大夫打来电话询问了琼元的病情后说孩子还有希望建议做换肾手术希望近在眼前可张治英却怎么也高兴不起来因为张琼元并不是他的亲生女儿在一次检查中张琼元得知自己是O型血而父亲是A型母亲是AB型时聪明的她瞬间明白了其中的意味,123,12,"[4, 28, 7, 7, 6, 13, 14, 6, 11, 6, 7, 14]",[6],[[7]],而而虽或但但而但当因当但
20,瞒不住了张治英问她想不想看望亲生父母张琼元哭着说我是你们的女儿看着懂事的女儿每天被病痛折磨着自己却不能为她捐肾想到自己无能为力张治英泣不成声,70,7,"[4, 14, 13, 15, 9, 8, 7]",[7],[[6]],就当但但但却故
21,民警将老人送到南钢厂区问了半天陈大爷也没有说清楚他家到底该怎么走无奈之下民警只能下车逐一询问附近的居民最终把陈大爷安全送回家到家后陈大爷终于笑了连声对民警道谢还热情挽留民警在家吃晚饭但被民警婉言谢绝,99,11,"[11, 4, 17, 4, 15, 11, 3, 7, 7, 12, 8]",[8],[[7]],当就但但而但就而便但但
22,对于鲁女士遇见老人跌倒立刻出手相助还陪着老人一起等民警的行为周围路过的多位居民都对她表示了赞扬出警的民警也告诉记者跌倒的老人真的需要有人帮助否则可能会发生二次事故因扶老人而被讹的事情是极少数的,96,7,"[17, 13, 17, 10, 13, 11, 15]",[3],[[1]],而但而而而但因
23,在老一辈村民的记忆里谢德友镇定自若为溺亡村民黄某入殓的场景时隔多年仍历历在目让人尊敬,42,4,"[10, 19, 9, 4]",[4],[[2]],就而但更
24,眼前厚厚几沓病历相册证件白纸黑字如此刺眼绝望才敢相信她安静克制的脸庞下曾承受住多少次命运的陡然翻转自从17岁儿子因病逝去丈夫与她领养了一个女儿刚树立起的生活希望再次因丈夫撒手人寰而陷入无限绝望中,97,8,"[12, 10, 13, 14, 11, 11, 9, 17]",[8],[[8]],但但但却但但与因
25,李芳抹着眼泪告诉小溪2002年她的儿子逝去了儿子才17岁活泼好动热爱篮球但是高二体检查出脑瘤很快就不行了李芳痛不欲生捡起一把刀就想割脉自杀,69,10,"[10, 5, 7, 6, 4, 4, 10, 6, 6, 11]",[9],"[[7, 8]]",但由但而但但但但而当
26,上上周安德烈突然找到我说想要在医院举行婚礼我先是吓了一跳再三确认后真的非常非常感动医院的俄语翻译小董说很多人可能以为只是举行婚礼安慰安慰塔蒂亚娜但他们是真的结婚并领了证女方已经改了夫姓小董称消息一传出医护人员感动不已连医院后勤的工作人员都自发进行捐助,125,14,"[3, 8, 10, 7, 13, 10, 13, 8, 12, 8, 3, 5, 8, 17]",[5],[[3]],就当虽但但总但就但而但但而就
27,1952年夏她和另7名日籍护士从广西南宁军区303医院调到羊楼洞部队疗养所羊楼洞地处湘鄂交界之要冲就在这里沟胁千年和当时因患结核病正在此疗养的杜江群结识29岁的杜江群是一所学校的政治教员曾有过地下党经历虽然病重却依然乐观当时不少病员都排斥外籍护士的照料态度甚至粗暴看着沟胁千年着急的样子杜江群站了出来说服伤员让他安心地接受治疗,163,17,"[6, 9, 22, 12, 4, 23, 17, 8, 4, 5, 2, 14, 6, 11, 7, 4, 9]",[14],"[[12, 13]]",由而因而而而而但但但而但但而而就就
28,不仅是对尹家的3个孩子在街坊邻居中张崇贞也有着他人不能及的好名声任何人家需要帮忙她总是一口答应几十年里张崇贞以她的品格赢得了所有人的敬重尹春丽的母亲也早已将这位比她年长三十来岁的保姆视为自己的亲生母亲我妈妈后来将所有的钱都放在奶奶那里由她当家她才是我们家的最高权威,132,12,"[11, 6, 15, 8, 7, 4, 17, 23, 9, 17, 4, 11]",[7],[[7]],而而而当但但而而而而由而
29,2010年母亲去世尹家的3个孩子将母亲和奶奶正式合葬墓碑后刻着这么一行字先恩祖慈张崇贞与先恩萍水相逢半生相伴同甘苦共患难恩比天高情同水长合葬时的景象尹春丽记忆犹新两人骨灰葬下去的一瞬间我似乎回到了过往看到她们并肩扛起这个家的情景我很想流泪不仅是悲伤也有欣慰,128,18,"[5, 4, 17, 3, 7, 7, 7, 4, 6, 4, 4, 6, 7, 11, 8, 14, 5, 9]",[18],[[16]],由因而故就由但或如但但如与当而当但但
30,朱洪生今年55岁1979年参加工作时才19岁已有36年的手艺我当时被分到丹阳南京理发店工作这是当时丹阳最大的理发店我在那儿获得了好多证书和荣誉说起自己工作过的地方和自己的荣誉朱洪生很是自豪,94,8,"[8, 14, 8, 15, 12, 14, 16, 7]",[8],[[7]],但但但而而而就而
31,让朱洪生感动的是有些客人因为他收费便宜都为他着想剪完头发就走了也不洗就为能帮他省点水电费回家反正洗澡收费这么便宜就不麻烦他洗头了昨天理完发后站起身来就付钱的史阿姨笑着说我这里的客人都蛮好的有的并不是因为价格低才来的他们认可我了朱洪生告诉记者有的老邻居因为搬家去别的地方但是理发还是找他,142,14,"[8, 16, 10, 10, 6, 6, 8, 20, 10, 13, 6, 7, 14, 8]",[1],[[2]],更而但但就但但而而但但而更但
32,经抢救两个孩子和周先生先后苏醒脱离了危险但郭惠英一直抢救到第二天凌晨才苏醒让郭惠英感动的是她醒来时还有一位民警守在身边,59,6,"[3, 17, 17, 8, 4, 10]",[4],[[6]],但但但更当但
33,保护人民生命财产安全本身就是我们警察的责任是我们理所应当做的事情毛大队长说郭惠英17年来的这份举动让大家很感动更感到自身责任重大使命光荣,68,7,"[10, 11, 11, 5, 18, 9, 4]",[5],[[5]],因但但由而但但
34,不是自己的儿子老程还能这样我很感动俺既然是老乡就得帮他朱俊钦说他的加入让程相前轻松了不少如今给宋文山洗澡都是两人一起架着他洗,62,8,"[13, 4, 6, 4, 4, 13, 8, 10]",[2],[[1]],而但但但但而但但
35,老人说58年来自己也一直想寻找女儿刘名书但失散时她连女儿的名字都不知道更谈不上寻找目前雷红路和小姨通过微信交换了外婆和母亲的照片刘名书看到母亲的照片很激动她说这事我跟丈夫说过跟大儿子说过结果小儿子帮我找到了母亲她也让儿子雷红路向陈警官表示感谢,121,12,"[3, 17, 15, 6, 2, 10, 11, 13, 10, 6, 12, 16]",[8],[[8]],当但但但而与就而但就但而
36,谈到成名所带来的变化时余秀华说收入的增多是自然的之前对出名没有期待但它真的来了而且让生活过得更好心里还是挺高兴的但这在村里没有太大影响老乡还是把我看成余秀华没有把我看成是怪物,87,9,"[11, 13, 9, 6, 9, 8, 11, 11, 9]",[6],[[5]],当但但但而但但但却
37,为国教子以德育人盲人夫妇演绎现实版孟母三迁为孩子成长创造环境的故事在蛟河市传开后感动了无数人庄保清也获得了吉林省十佳好家长全国传承好家风好妈好爸等荣誉称号,77,7,"[4, 4, 13, 12, 7, 6, 31]",[6],[[3]],因故当而但更而
38,34岁的王志刚在去年四月被检查出患有慢性肾衰竭这一检测结果打破了原本幸福的三口之家感觉天都要塌了徐萍这样来形容得知丈夫患病时的感受因为丈夫是她和两岁孩子的支柱,79,5,"[23, 18, 7, 17, 14]",[3],[[5]],而但但而而
39,她身体就不好娃娃也要人照顾张志刚得知妻子要捐肾给自己时他十分感动同时也非常担心好在17日夫妻俩在四川大学华西医院的手术非常顺利,63,6,"[6, 7, 14, 5, 7, 24]","[4, 5]","[[3], [3]]",但但当但但而而但当但但但
41,翟金华介绍哥哥当兵走的时候还是解放前那时自己才15岁不懂事再加上时间过去很久了很多事情自己都记不得了我只记得他走后不久我奶奶还骑着小毛驴带着我去他参军后暂时驻扎的村庄看他后来就再也没有音讯了直到1952年民政部门送到家里一个烈士证说我哥死在朝鲜了当时我娘我嫂子都哭昏过去了,136,13,"[5, 13, 8, 3, 10, 11, 18, 17, 10, 7, 13, 8, 13]",[13],[[12]],由但而更但但但就但但由就而
42,中国人自古有落叶归根的传统63年来我日夜都想有朝一日能找到父亲的安葬地如果能和父亲团聚真的是皆大欢喜同时记者与周玉玺烈士的孙女周女士取得了联系周女士说自己的父亲今年已经65岁高龄了一直心心念念牵挂着爷爷的去向总是让自己去打听见到本报刊发的为烈士找寻亲人的报道自己和父亲都激动不已,139,13,"[13, 4, 18, 8, 7, 2, 19, 4, 15, 14, 8, 17, 10]","[5, 13]","[[4], [12]]",而但而但但但当但而却但就而而但而但但但但但而却但当而
44,记者16日从第三军医大学新桥医院获悉尿毒症患者程霞冒死产下一名5斤重健康男婴我这条命都是妈妈给的现在我也有了宝宝真是太幸运了还要感谢所有帮助过我的人还躺在病床上的程霞以微弱的声音说到,91,8,"[18, 20, 10, 8, 6, 12, 9, 8]","[5, 6]","[[4], [6]]",但因而而但但而就但因而而但但而但
46,据台湾中央社16日报道日本男性2月14日情人节通常会收到巧克力和其他礼物而他们3月14日白色情人节当天必须回送礼物给另一半西山美惠31岁的丈夫一脚将她踢开后她疑似企图用领带掐死他老公午夜时分打电话报警西山美惠随后在日本西部堺市家中被捕并向警方表示她怀疑老公有外遇西山告诉警方老公情人节没有回送礼物她气到想勒死他,155,12,"[11, 25, 25, 17, 11, 11, 17, 6, 8, 6, 11, 7]",[12],[[11]],而而因但但当但但但而但但
47,闺女是高中教师现在带着高三毕业班工作忙也顾不上自己的事我和她妈着急啊就趁有活动来替她看看在相亲活动现场老年人的数量基本上和年轻人相当他们都是来替孩子打头阵的,78,8,"[7, 9, 11, 7, 10, 7, 15, 12]",[4],[[3]],与但但而但就而但
48,记者调查发现本该是年轻人自己做主的相亲大会反而是爹妈唱了主角要么是儿女排斥相亲不愿来现场父母着急主动请缨要么就是父母不放心替孩子来把关货比三家,71,8,"[6, 15, 9, 9, 5, 8, 9, 10]",[6],"[[4, 5]]",但而但但却因但就
49,经过一段时间的交往他们都感觉非常有缘经过几个月的地下恋情徐某便信誓旦旦地表示愿意娶黄女士为妻年轻时的情感创伤让黄女士心有余悸她并没有接受徐某的求婚之后两人继续以姐弟相称,84,7,"[9, 9, 10, 18, 16, 11, 11]",[5],[[5]],但但但但而但但
50,事业有成的黄女士与小20岁的小伙结婚为避免人财两空两人在婚前进行了财产公证怎知婚后小伙两次拿走黄女士钱财黄女士无奈之下向法院提起诉讼,66,5,"[18, 7, 12, 15, 14]",[5],[[4]],但但但但而
51,2014年11月徐某趁黄女士不在家将她准备还房贷的12万元现金拿走待黄女士发现后虽联系上了徐某但他却拒绝归还这笔现金黄女士无奈之下向公安机关报了案徐某迫于压力将其中的10万元通过银行汇款还给了黄女士然而对剩余的2万元却迟迟不予归还并且把黄女士的电话号码拖进了黑名单,132,10,"[8, 9, 16, 14, 11, 15, 6, 20, 16, 17]",[6],[[5]],更而就但但而但就但但
52,女子未婚先孕在厕所里产下前男友孩子后因害怕被现男友知道居然用塑料带勒住孩子脖子使其窒息而死事后竟又回到寝室睡觉,55,6,"[6, 12, 9, 12, 6, 10]",[3],[[3]],因而更却而但
53,2014年12月21日晚上11点方某感觉肚子很疼就去了厕所结果产下一男婴方某忙用手把孩子的脐带扯断然后给王明打电话因其电话被王明拉黑故久打不通由于过度惊慌且害怕婴儿的啼哭声被宿舍同学听到方某随手捡过一个黑色塑料袋将其扭成条状缠绕在男婴的脖子上使其窒息而死并将其尸体用黑色塑料袋包了五六层放入自己床底的行李箱中上面以衣服遮盖,161,15,"[16, 13, 7, 13, 8, 9, 5, 22, 13, 6, 9, 6, 16, 11, 7]",[8],[[8]],而当但而但因更因而或便而但而但
54,方某出于无知和害怕知道怀孕后并没有进行相应孕检也没有为婴儿降生做相应的准备突然产子后怕被人发现为了保住脸面情急之下不择手段事后又追悔莫及,68,8,"[9, 14, 14, 5, 5, 6, 8, 7]","[8, 5]","[[7], [5]]",但当但但就但但但但但但但更就但但
56,陈某得知丈夫婚外同居后无奈的她没有太多怨言只要求叶某每月及时支付保姆费和生活费直至去年4月份瘫痪在床的陈某灰心丧气便服农药自杀了,64,5,"[11, 10, 18, 7, 18]",[2],[[1]],当但但但而
57,当时家里的大事小事都是婆婆当家做主侯爱红说虽然夫妻俩的感情一直很好但婆媳问题却日渐严重夹在中间为难的郭永奎爱上了喝酒对家里的事不管不顾家中所有的担子几乎落在了侯爱红一个人身上面对日益找茬的婆婆和经常醉酒的丈夫侯爱红说她在无奈之下提出了协议离婚,121,12,"[17, 4, 12, 10, 10, 5, 9, 7, 13, 17, 4, 13]",[12],[[10]],但但但但而却但与但但但但
58,郭永奎离婚后在父母的安排下谈过3个女朋友但都没有结果因为她们都觉得郭永奎心里一直没有忘记前妻郭永奎先后送走了逝去的父母为了生计辗转多地打工父母的离世对前妻和孩子的思念让他经常感到绝望压抑,93,11,"[6, 7, 7, 6, 7, 13, 13, 10, 5, 9, 10]",[11],"[[9, 10]]",与但但但但但但但因而就
59,我当时还沉浸在买了新房成了漯河市民的喜悦中感觉终于可以松一口气停下脚步歇一歇了侯爱红告诉记者这时她突然接到郭永奎朋友的电话说郭永奎在济南得了脑溢血现在昏迷住在济南一家医院,85,8,"[11, 10, 10, 8, 7, 15, 12, 12]",[2],"[[1, 2]]",而更总就但但却但
60,虽然已经离婚十年了但是看着他躺在医院不能动我还是挺心疼的在一起的那些年他对我挺好的我们之间也没有什么大的矛盾在济南陪他治病那段时间我想了很多虽然已经离婚了但他毕竟是孩子的亲爹为了孩子我也不能不管他侯爱红说,102,13,"[9, 12, 7, 7, 6, 13, 11, 5, 7, 10, 4, 7, 4]",[3],[[2]],但但但但但但就但但但但但但
61,婚后第2个月李梅便怀孕了但仅3个月后李梅却发现丈夫刘军有外遇并且这个潜伏已久的第三者也已怀孕自觉愧疚的丈夫刘军不停地道歉希望能够挽留李梅他还写了份保证书保证以后不再联系第三者如果做不到净身出户房子留给李梅和孩子,105,11,"[6, 6, 6, 12, 16, 22, 8, 11, 5, 4, 9]",[6],"[[4, 5]]",但但但但但而但但但但但
62,春节假期已经结束上班族开启了上班模式但春节期间的那场战争——相亲却让剩男剩女们心有余悸,43,4,"[8, 10, 14, 11]",[4],[[3]],而而而但
63,3月5日有网友在红网论坛以常德一美女写保证书要嫁出去不然就睡马路为题晒出了一张保证书吐槽自己成为被催婚族的苦恼和无奈,58,4,"[4, 30, 8, 16]",[4],[[4]],如更就就
64,相比于小徐的淡定小徐的妈妈就坐不住了她周围的同学朋友同事都陆陆续续结婚了她连个男朋友都没谈过我确实很着急我也知道这个保证书没什么实质性作用就是图个心安,75,8,"[8, 10, 10, 8, 10, 6, 17, 6]",[6],[[5]],但但而但但但但但
65,昨天得知有很多热心人都愿意帮助她完成心愿王女士很开心无论什么结果我都能接受当然也期待能有一个好结果感谢这些热心人和媒体,59,6,"[2, 18, 6, 11, 12, 10]",[3],[[2]],但当但但但更
66,昨晚11时48分王女士给记者回过来电话表示因为外出办事手机没电了没想到错过了记者那么多电话当得知心仪男子已找到王女士非常激动真的啊这么快随后当记者告诉她这名男子已婚的消息后电话那头的王女士沉默的几秒钟后表示这样啊那就没有见面的必要了也没什么遗憾了至少我努力了做了一件感动自己的事情当得知对方快要当爸爸的消息后王女士连连说了几句祝福他并表示这件事就这么过去了她会继续寻找属于自己的幸福,191,20,"[8, 13, 6, 5, 13, 10, 7, 3, 3, 8, 10, 20, 10, 7, 6, 11, 14, 12, 12, 13]",[7],[[6]],而但因但但而而当就但而但但但但却但但但但
67,亲戚朋友我都借了终于凑到钱做了手术但我们再也承担不了昂贵的医药费术后第二天他就出院就连术后拆线都是他对着镜子拆的回忆起最难的日子徐永芬仍忍不住哽咽,73,8,"[8, 9, 15, 9, 6, 9, 8, 9]",[8],[[7]],但但但但但但当而
68,每当在新闻上看到血库告急的消息刘淑梅就很焦虑她希望能有更多的人加入义务献血的队伍给紧急患者扩宽生命道路但是献血是自愿的事在刘淑梅看来自己十几年的献血经历是义务而非张扬的资本她希望自己的坚持能稍稍缓解一下血库的存血不足情况,110,8,"[15, 7, 18, 11, 9, 6, 20, 24]",[2],[[1]],但而但更但但但但
69,刘淑梅乐呵呵地告诉记者她和她的家人都很健康所以可以持续献血为社会做贡献曾经刘淑梅一直为献血年龄限定在55岁而苦恼我现在献血都成习惯了要是因为年龄到了不能继续献血我就会非常失落后来血站工作人员告诉我献血年龄现在放宽到60岁我还可以继续献血一直到我六十岁那一天到我的身体不允许我献血的那一天,143,11,"[11, 10, 14, 21, 10, 21, 11, 12, 8, 10, 15]","[4, 6]","[[4], [6]]",但但但而但但但但但但就但但但而但但但但但但就
71,去年庙会上他发现一个小孩漫无目的的边哭边走旁边没有大人陪伴于是赶紧上前询问果然一问得知孩子跟家人走散了他马上蹲下身子哄孩子将其带到执法车上吃东西喝水休息取暖问清楚父母姓名后随即打电话给地坛庙会指挥部广播寻找孩子家长再通知公安部门帮助寻找最后终于帮孩子找到了母亲,130,15,"[5, 16, 8, 8, 2, 12, 10, 13, 4, 8, 13, 8, 11, 2, 10]",[2],[[6]],而当而但但但但便或当但当就而但
72,大年三十晚上我都会给家里打个电话给父母拜个年孩子上小学一年级看着别的家长带着孩子来地坛庙会我却不能陪孩子过年再想想父母的年纪也越来越大了心里总会很愧疚寇文军家里有两位老人春节前夕都刚做完手术现在正是最需要照顾的时候可队里太忙实在顾不上回家他只好将照顾老人和孩子的重任都交给了老婆,139,14,"[16, 6, 8, 15, 9, 14, 7, 10, 10, 12, 5, 7, 14, 6]",[7],"[[5, 6]]",但就当就但但但而但而但但但但
73,每逢周三北京儿童医院的病房里都会传出阵阵笑声不用说肯定是小丑叔叔又来了提到刘进军的名字小病友们都不知所以但一说小丑叔叔几乎无人不知这位藏在浓墨重彩后的七旬老人总能用魔术和气球让患儿暂时忘掉病痛,96,9,"[4, 18, 3, 10, 8, 9, 13, 14, 17]",[2],[[4]],但而更但当但但而但
74,北京儿童医院护理部的一位护士告诉记者老人十多年坚持义务表演的行为让大家都由衷敬佩每周都雷打不动地来从不缺勤迟到,55,5,"[18, 14, 8, 9, 6]",[3],[[2]],而但更但但
75,一群爱心志愿者簇拥着李世铭夫妇和他们两岁的儿子李沐羿鑫兴高采烈地走进家门对于李世铭一家来说那天是一个大喜的日子被拐骗45天的儿子在那天终于回家了,72,4,"[36, 9, 10, 17]",[3],[[4]],当而而而
76,李世铭紧紧地抱着儿子一刻也不愿放开45天对于失去儿子的他们是多么的漫长宝贝回家了这个春节将是多么幸福,50,6,"[10, 7, 3, 15, 5, 10]",[6],[[5]],而却但但当而
77,2012年9月他们的儿子李沐羿鑫出生孩子的出生给一家人带来了无尽的喜悦和欢乐一家人尽管生活清苦但其乐融融因为李世铭夫妇为生活奔波忙碌孩子一直由奶奶照看眼看着儿子一天天长大常年在侯马市打工的李世铭觉得儿子性格有些内向应该多接触外面的世界,117,10,"[7, 11, 20, 9, 5, 14, 9, 10, 22, 10]",[3],[[3]],但而而而虽但但但但更
78,当奶奶和摊主讨价还价时突然发现孙子不见了奶奶急忙在周围寻找可哪里也看不到孙子的影子她心急火燎地给儿子李世铭打电话李世铭立即放下手里的工作赶到火车站两人找遍了火车站附近的角落可是再也没有看到小鑫鑫的身影奶奶当即瘫坐在地上失声痛哭,113,10,"[11, 9, 9, 12, 15, 17, 13, 14, 9, 4]","[5, 10]","[[4], [8]]",但却但但当但但但而却但却但但但而但但而而
80,不仅如此志愿者荣荣还亲自去运城河津等县市对接当地志愿者组织动员和呼吁当地志愿者共同发起寻找小鑫鑫的行动志愿者的一言一行温暖和感动着李世铭一家丢失了孩子他们是不幸的但众多志愿者的关心和帮助他们又觉得是幸运的,102,8,"[4, 25, 22, 19, 5, 6, 12, 9]",[4],[[4]],而而总而却但虽但
81,提起志愿者小鑫鑫的奶奶激动得流着热泪表示她也要做志愿者她的儿子儿媳孙子都要做志愿者他们家世世代代都要做志愿者这个传统一定要传递下去,65,6,"[5, 15, 7, 14, 13, 11]",[2],[[1]],当而但而而但
82,2月13日一大早当项目组民警押着犯罪嫌疑人并带着解救回来的小鑫鑫凯旋归来一下高速口就受到了闻讯赶来的志愿者团队的热情欢迎和慰问上午10时李世铭一家闻讯后赶到侯马市公安局门口看到失而复得的儿子一家人禁不住泪流满面,105,8,"[8, 28, 5, 22, 5, 18, 9, 10]",[8],[[7]],但而就但当而当当
83,2月13日晚记者在李世铭家见到被拐骗45天回家的李沐羿鑫李世铭说孩子回来后不敢与陌生人说话比以前胆子小了许多他们会用全部的爱抚慰孩子幼小的心灵让孩子更健康更阳光地成长并希望通过本报向侯马市公安局向侯马志愿者团队向所有关心帮助他们全家寻找小鑫鑫的好心人表示感谢,129,8,"[6, 22, 4, 13, 9, 17, 12, 46]",[8],[[8]],但当但但但而更但
84,蜗居在山半腰的111岁和维瑞与105岁李进初两位百岁老人百年好合的爱情故事让人心生敬仰情人节和春节的临近社会爱心人士也纷纷上门探望慰问这对百岁夫妻并送上节日祝福,80,5,"[22, 15, 6, 9, 28]",[3],[[2]],而与更当而
85,志愿者送来的一支玫瑰让整日躺在躺椅上的李进初心生欢喜腼腆接过然后默默无语地送给了一旁安静坐着的妻子和维瑞艳红的玫瑰让两位百岁老人都激动起来两手枯瘦的手紧紧地握在了一起,83,7,"[10, 16, 4, 22, 5, 12, 14]","[2, 6]","[[1], [5]]",由就更但而更但由更更但而就但
87,开明的地主感动和维瑞和李进初的爱情好心做主主持了他们结为夫妻而这一艰苦环境中的爱情结合让他们相守相依到白头,53,5,"[5, 12, 13, 13, 10]",[2],[[2]],更而但因就
88,看到童童入学他很高兴平时只要路过小学他总喜欢慢慢走到教室外面透过窗户看看坐在前排的童童我还是很感慨的看到童童就会想起自己的孩子,63,7,"[6, 4, 8, 12, 13, 7, 13]",[2],[[1]],当但但但就但当
89,仁厚社区也格外照顾她2003年起她每月都能领到计生特困家庭特别扶助金但凡有扶助政策社区也首先想到她党委书记张公平说徐婆婆很要强从不给社区提要求问她身体怎么样她总说自食其力再累也开心,90,10,"[10, 6, 18, 7, 8, 14, 8, 7, 7, 5]",[10],[[9]],而由而但而总但就但但
90,76岁的英国老妇人格瑞斯·贝茨在英国广播公司BBC帮助下找到分离59年的初恋德国人赫尔曼·博世格瑞斯因曾欺骗对方一直深感愧疚死前一定要见到他,70,4,"[28, 19, 15, 8]",[3],[[3]],而因但但
91,不久格瑞斯发现自己怀孕赫尔曼发现隐情后伤心欲绝地离开前往美国后再无音信赫尔曼离开后格瑞斯产下一名女婴不久遭到未婚夫抛弃,59,8,"[2, 9, 8, 7, 9, 6, 9, 9]",[4],[[3]],但当当当但当当但
92,今年格瑞斯找到了BBC希望能通过媒体找到赫尔曼格瑞斯说过去这么多年我因曾经欺骗他而一直深感愧疚死前一定要见到他没想到格瑞斯真的如愿以偿两人在伦敦相聚赫尔曼到了美国后也结了婚婚姻很幸福但妻子已经于2013年去世,104,12,"[2, 9, 12, 10, 14, 8, 3, 9, 7, 12, 5, 13]",[5],[[5]],而但但但但但但但当而但但
93,离婚后儿子跟随邓某生活彭某仍尽父亲的义务经常探望并带儿子外出游玩此期间彭某经常听到同事朋友议论说孩子不像自己他怀疑之余便带儿子到南宁市做亲子鉴定果然儿子并非亲生彭某悲愤之余认为前妻当年欺骗了自己便于2014年8月将邓某诉至法院请求法院判令邓某给付亲子鉴定费医疗费怀孕期间的产检生育等孩子出生后至离婚前的抚养费离异后孩子的生活教育费以及精神损失费等共12万余元,179,14,"[3, 8, 9, 12, 3, 19, 5, 13, 2, 6, 6, 11, 16, 66]",[11],[[10]],但与但但与但但便但但而却故因
94,庭上面对两次鉴定结果邓某再没提出异议但是彭某想到自己白白疼爱了别人的孩子几年情绪异常激动不停细数这几年自己的伤痕法官耐心释法析理做双方的思想工作,72,8,"[2, 8, 8, 20, 6, 12, 8, 8]",[5],[[4]],当当但但而却当但
95,这位总监在接受记者采访时说当时在公司尾牙宴上听到这一决定他和女朋友都非常吃惊两人去年8月份确立恋爱关系因为怕公司知道平时两人都是偷偷摸摸的在公司大多通过QQ交流避免在同事面前说比较亲密的话对于恋情不敢太公开,103,9,"[13, 15, 10, 13, 7, 11, 11, 14, 9]",[3],[[2]],但但而而就但但但但
96,得到公司的鼓励后两人在同事面前可以大大方方牵手了不仅如此还会得到同事的祝福他们觉得很开心,44,5,"[8, 16, 4, 9, 7]",[5],"[[2, 4]]",但而但但而
97,今年元旦期间远在广东的谭某发现覃某的手机时常关机又从覃某同事口中听说了一些不好的传言他开始怀疑妻子和别的男人有染,56,4,"[6, 18, 18, 14]",[4],"[[2, 3]]",而而但当
98,14日下午谭某赶到他和覃某在南宁的租房发现房间里有其他男人的衣物和用品这让谭某更加愤恨,43,4,"[5, 14, 16, 8]",[4],[[3]],而当却而
99,19岁的盛某老家在江西南昌农村父母体弱多病从小被姐姐带大去年姐姐盛女士来到合肥打工让盛某高兴的是姐姐告诉他自己已经担任了一家公司的人事部经理,70,7,"[15, 6, 7, 2, 11, 7, 22]",[6],[[7]],而因但而与更而
100,经审理查明徐国华认为被害人徐大畅一直欺负自己并怀疑被害人吴照华与他妻子邹某某有不正当男女关系败坏他以及家人的名誉心生怨恨,60,5,"[5, 17, 24, 10, 4]",[5],"[[2, 3]]",但但但而故
101,真的不想治了我的家庭承受不起一直都没有能力让父母过上好日子现在还要让他们为我操心很惭愧我知道即使手术后风险还是很大所以就不想治了,64,7,"[6, 8, 15, 11, 3, 14, 7]",[5],"[[3, 4]]",但但但但但但但
102,妻子在家照顾瘫痪的爷爷和两个小孩父亲这么大年纪还在工地打工挣钱很想念他们也很愧疚说到这里闫超望着天花板不再说话,55,7,"[16, 15, 5, 4, 4, 7, 4]",[4],"[[1, 2]]",但而但但就但就
103,男子不远千里会网友发现女子长相与照片判若两人体形也相差甚远女子辩称自己就是照片中的人不过是化了妆用了美图工具大失所望之余男子认为受到欺骗怒火之下大打出手最终经永嘉桥头派出所调解双方达成和解男子当天乘飞机回家,103,13,"[9, 20, 4, 9, 6, 6, 6, 8, 8, 2, 10, 6, 9]",[7],[[2]],与却但而但更但但而但但但因
104,龙保小学位于新村和龙保两村之间常常会有社会无关人员抄近路从学校走过而刘运荣担心影响到孩子们学习不上课时他就会在学校的铁门处站岗,63,5,"[15, 18, 14, 4, 12]",[3],[[2]],而但因或而
105,回忆起这段日子刘运荣的妻子容阿郎泣不成声在病痛的折磨下他终于在12月底同意去医院做检查还特意等到周五上完课后周六休息时再去,61,5,"[7, 13, 7, 16, 18]",[2],[[1]],当而但但但
106,对这位拖着残腿在讲台苦撑了34年病危关头念叨的还是学生的校长村民们用最淳朴的方式来表达他们最崇高的敬意,51,3,"[16, 14, 21]",[3],"[[1, 2]]",而而而
107,吸毒后不仅对妻子拳打脚踢甚至持刀闯入娘家威胁丈母娘妻子忍无可忍愤而报警,35,3,"[25, 6, 4]",[3],[[1]],但但因
108,据全国广播公司NBC报道格兰特的一个邻居对他被指控性侵非常吃惊在他被捕后都很难入睡,41,3,"[12, 19, 10]",[2],[[2]],而而但
109,现在村里街坊凑得钱已经花完用的是捐款好心人捐的每一笔钱的去处都有记录像国云这样的大面积烧伤仅是第一期治疗就要20多万元现在比较头疼就是钱的问题,71,6,"[13, 5, 16, 11, 14, 12]",[6],[[6]],而而由而而但
110,突然听见其他人喊谁家的小孩着火了就看见她在屋外跑一身火苏三喜说可能是灶里没燃尽的柴火掉出来让女儿抓到了火苗引燃灶外面木柴又沾到衣服起的火女儿受了惊吓就朝外面跑,79,9,"[16, 8, 3, 4, 14, 6, 17, 6, 5]",[8],[[7]],但但因但但却因当但
111,盂县路家村镇张家垴村的李双娣33年如一日照料瘫痪的丈夫省吃俭用将两个女儿抚育成人感动了身边许多人,48,3,"[14, 26, 8]",[3],[[2]],如但更
112,那段时间明明睁着眼眼前却常常是漆黑一片耳朵里经常有石头从山上滚落的声音回想起当时的情况李双娣的心情依然沉重公婆常以泪洗面我强打精神告诉自己不能垮了,73,9,"[4, 5, 10, 16, 8, 10, 7, 5, 8]",[6],[[5]],而但但但但而与但却
113,经过一番认真思考李双娣怎么想也觉得不能这样做不能说丈夫能动的时候就是夫妻人家受伤了就不和人家过了说起来容易做起来难很快李双娣就尝到了生活的艰辛在病痛和经济的双重压力下张庙双的心情一度非常压抑,95,10,"[8, 14, 14, 5, 7, 9, 2, 12, 12, 12]",[10],[[9]],但但但但但但但而但而
114,33年付出诠释和谐幸福对于妻子这些年的付出张庙双看在眼里疼在心上出事的时候我32岁她26岁从那之后的33年里我没有一天能离得开她我这辈子最幸运的就是找了个好老婆,80,6,"[21, 20, 4, 9, 10, 16]",[6],[[6]],但当当而但而
115,报道台湾一名初三女生在脸书传了一张自拍照被学姐笑丑少女不爽反呛两人起了口角后更当面打起群架少女的男友被砍伤伤口深可见骨警方目前正深入追查,68,9,"[2, 18, 5, 6, 6, 8, 8, 6, 9]",[4],[[3]],就而却当但而当因而
116,但黄姓少女认为没必要赴约跟陈姓男友及另一名友人到台北市忠孝东路麦当劳聚餐没想到学姐被放鸽子后更加气愤撂了十多人直奔现场砍人黄姓少女的男友及友人遭砍伤其中一人双手被砍另一人刀伤可见骨民众惊见连忙报案双方人马才四散逃逸所幸两人送医后均无生命危险,120,10,"[12, 24, 14, 11, 13, 8, 8, 8, 9, 13]",[3],[[3]],但就但就而而但但而但
117,那我该怎么办这母亲明明健在还无法证明了严涛很是郁闷对此民警表示警方确实无法出具居民健在证明即使出具了也是不合法的无效的,59,8,"[6, 13, 6, 2, 4, 14, 5, 9]",[3],[[2]],但但而但但但但但
118,见面后胡先生对染着黄头发打扮入时的杨女士比较满意俩人就这样交往了起来交往后没多久杨女士就告诉他自己决定要嫁给他胡先生很高兴,61,6,"[3, 21, 10, 6, 15, 6]",[6],[[5]],但但但但而但
119,胡先生原以为自己慷慨地为杨女士花钱俩人的感情能更稳固不料在这之后杨女士的手机就打不通了胡先生心生疑惑把此事告诉了婚介中心的叶老板,64,6,"[17, 9, 2, 15, 7, 14]",[5],[[4]],而但但而而便
120,2010年阿莹与相识8年的丈夫黄某结婚她还特意将登记的日子选择在520但最终没有等来丈夫的爱去年4月阿莹发现了丈夫有外遇她对这场婚姻彻底绝望将黄某告上了法庭要求和黄某离婚案件昨日上午在禅城区法院张槎法庭开庭审理,105,10,"[5, 14, 16, 11, 4, 10, 10, 8, 7, 20]",[7],[[6]],但但而但但但但便因而
121,案发当天秦某参加宴席喝了半斤酒结束后又找不到妻子心中起疑就来到赵某公司附近碰到赵某以及妻子杜某随后便发生了振中街杀人案行凶期间其妻杜某虽多次对秦某进行劝阻但均未成功后来经法医查明被害人赵某全身被刺60余刀,102,13,"[4, 11, 9, 4, 9, 10, 2, 10, 4, 14, 5, 7, 13]",[4],[[3]],而因但或但就但就因但但但而
122,2014年4月两人在彼此的慰藉中相爱了然而命运并没有给他们一条平坦的道路几个月后赖敏病情加重走路困难只能生活在轮椅之上曾经当过导游的她一直有个环游中国的梦想在疾病加重之时这种愿望更加强烈丁一舟说赖敏的病情发展起来迅猛凶险就算医治也无法增加生命的质量与长度与其在医院闷闷不乐度过余生不如大胆潇洒走一回,149,16,"[7, 12, 2, 15, 4, 6, 4, 9, 19, 7, 8, 4, 13, 17, 13, 9]",[15],[[14]],但但虽但但因因而而但但但但但但总
123,此时国道上来来往往的车辆带起阵阵冷风刺耳的轰鸣声不绝于耳但丁一舟和赖敏倒也自得其乐走得不慌不忙爱犬阿宝欢快卖力地在右侧拉着轮椅前行遇到平路或者下坡丁一舟就骑行遇到上坡路段他就下来慢慢拉着轮椅向前走累了倦了就停下来坐在路边休息吃块面包看看风景看着丁一舟逗弄阿宝轮椅上的赖敏笑得合不拢嘴对于媒体的追访他们虽有不适但并未反感唯有不断表示感谢,167,19,"[2, 16, 10, 13, 6, 18, 8, 6, 6, 13, 4, 10, 4, 4, 9, 12, 7, 11, 8]",[16],[[15]],而而而而却而若但当而但但就但就而而但但
124,2012年春节廖林和村里的孤寡老人聊天知道他们想去北京一趟当时他没有多说却悄悄准备起来2012年4月旅行团26人出发其中年龄最大的92岁4天的行程老人们游天安门逛故宫登长城得知廖林到来他北京的好友路训尽地主之谊宴请老人们饭桌上路训被廖林的孝行感动了第二天就给廖林打了10万元说是捐给公义村的老人们,148,16,"[7, 12, 10, 7, 7, 7, 8, 10, 5, 13, 6, 18, 3, 11, 13, 11]",[14],[[14]],而当就但但但由而就与当与但而但虽
125,1974年安继荣在蒲城县三合公社今属桥陵镇任武装干事长他16岁的郭天禄时任公社党委书记是出了名的热心肠谁家娃病了两口子闹矛盾了都找他帮忙那时候粮票都紧张安继荣回忆说共事的三年中郭天禄常常资助他每次一到饭点郭天禄总是主动掏两个人的粮票冬天没有取暖设施两个人常挤在一张床上睡这让他十分感动我只是个基层的小干部他把我当兄弟看,159,16,"[5, 21, 17, 8, 12, 5, 8, 6, 6, 8, 6, 14, 19, 7, 10, 7]",[14],[[13]],由与而就但但但但与但但而因而但但
126,1997年退休的郭天禄丧偶再婚后一直随女方居住在渭南市临渭区2012年2月份安继荣去探望郭天禄发现因年久失修老领导居住的平房成了危房只能暂时借住在村中小学里见已身患老年痴呆的老领导和老伴儿寄居在废弃的教室里安继荣很是心酸,110,10,"[5, 11, 14, 8, 9, 7, 12, 12, 25, 7]",[10],[[9]],由与但由当但而但却而
127,父亲都记不得他资助了多少我都不知道安叔图我爸啥提起这些年来安继荣对父亲的资助1月3日中午郭天禄的二女儿50岁的郭春英便眼眶泛红郭春英说上世纪80年代父亲从蒲城县工商局退休后没留下多少积蓄以后每月仅靠几百元的退休工资生活这么多年来安叔常送米送油并不要欠条送上几千元钱父亲都记不得他资助了多少连我妈的丧事都是安叔帮着操办的,159,14,"[23, 15, 6, 19, 4, 7, 12, 7, 16, 5, 7, 11, 12, 15]",[4],[[2]],当当但而但由当但但但当但但就
128,2014年12月18日延吉市公安局建工派出所民警在走访时崔某把自己心中的疑惑和民警说了民警分析崔某一定是被骗了我们觉得给崔某介绍对象的李某很可疑因为崔某每次掏钱都是经李某的手来转交警方将李某传唤到派出所接受调查起初他还不承认后来终于承认了,119,10,"[11, 17, 15, 4, 8, 17, 18, 15, 7, 7]",[6],[[7]],但而但但而但而但但但
129,记者与璐璐的姥爷取得了联系电话里这位远在承德的八旬老人听到记者探问此事非常高兴他说璐璐从小由姥姥带大上初中时仍由二老接送并在老人家里吃住所以说感情非常深,76,10,"[13, 3, 19, 4, 2, 9, 10, 8, 3, 5]",[4],[[3]],当而当但但由但但如但
130,一位朋友圈中点赞的王女士说自己出生于农村如今已在城市生活多年但母亲还住在农村老家因为父亲早年去世兄弟姐妹纷纷进城打工平时守着老家宅院的就只剩母亲一人在农村白天还好有乡邻之间相互走动再打理一下田间庄稼和花草鸡鸭还算热闹些但到了晚上空荡荡的大院子里就一个人真是空旷寂寞,132,16,"[13, 7, 10, 10, 8, 10, 2, 14, 3, 4, 9, 14, 5, 5, 12, 6]",[16],[[15]],但而但但因但如而但但唯就但但而但
131,燕赵都市报曾经报道过威县孙家寨的老人免费午餐该村在本村青年付宏伟的带领下每月召集村中60岁以上的老人围坐包饺子吃在现场老人们感慨地说吃顿饺子谁也吃得起关键是喜欢这种团聚的热闹气氛现在年轻人外出打工家家都只剩些空巢老人如果晚辈们能体味到老人内心的孤独能常常回来陪陪他们就好了吃什么倒在其次主要是情感落寞,150,13,"[22, 14, 20, 3, 7, 9, 14, 9, 10, 16, 12, 7, 7]",[7],[[7]],而而如但而但但而但但若但但
132,法官表示同事或朋友间好意搭载无可厚非发生交通意外造成两家人甚至更多人的伤痛是大家都不愿意看到的结果发生侵权损害后的索赔于法有据合情合理我们不能因为惧怕存在这样的侵权风险便放弃人与人之间友好互助的美好品格因噎废食遵守交通规则小心安全驾驶才能为我们的幸福安稳生活保驾护航,133,9,"[4, 14, 31, 14, 4, 34, 4, 6, 22]",[6],[[6]],但但而但但但因当更
133,古镇海州一灯饰厂18岁女孩留下绝笔信至今未归亲人心急如焚连日来有网友在中山本地论坛和微信朋友圈发布帖子称18岁贵州女孩丁双琴本月21日给母亲留下遗书后失联事件很快引起广泛关注,87,6,"[22, 6, 3, 21, 25, 10]",[2],[[1]],因当但更而但
134,据丁双琴的婶婶介绍12月20日星期六丁双琴吃了中饭到古镇一家银行给同学汇款因不知道怎么转账就回来了回来时情绪低落无论自己怎么询问丁双琴都说没事21日上午丁双琴照常上班但情绪仍然很低落中午在工厂食堂草草吃了几口饭后便走出厂外然而当天下午上班时她却没有看到丁双琴的身影于是马上给丁双琴母亲打电话当时由于工厂内声音嘈杂丁双琴的母亲并未能接到电话下午6点丁双琴的妈妈看到有未接来电便打回给我直到这时我们开始害怕了丁双琴不见了,208,22,"[9, 9, 19, 12, 7, 8, 7, 5, 7, 8, 20, 2, 7, 12, 13, 11, 13, 4, 18, 4, 7, 6]",[21],[[22]],但如与但但但但而但但但当但但但但但但当但当但
135,阿敏说丁双琴性格并不内向爱美也爱玩自拍跟同事相处也和谐可能是家境不太好即便是双休日也会主动申请加班多赚点钱因为原本工资就不高这次出走应该跟钱被诈骗走有关丁双琴的遗书是12月22日被室友发现的丁双琴在遗书中称自己遇到两位大叔为了帮助他们把银行卡和手机都给他们后还在原地等他们回来发现被骗后心里好难过害怕直至真的要走了,157,16,"[3, 9, 7, 8, 8, 6, 8, 4, 9, 14, 19, 16, 18, 9, 12, 7]",[15],[[15]],但但但但但当但就但但而但但但但但
136,当看到遗书的内容后我们的心理防线彻底崩溃了作为一个贫困家庭失去一个孩子心情是何等痛苦丁双琴的叔叔丁强说随后他们到银行查询丁双琴的银行卡信息结果发现银行卡内的8100元钱已经被分两次提走,92,8,"[9, 12, 21, 9, 2, 16, 4, 19]",[3],[[3]],但当但但但当但而
137,25年前37岁的母亲走失3年后父亲以同样的方式离家出走没有留下任何线索为了寻找父母丹凤县土门镇土门村村民刘安良一边打工一边寻找母亲足迹遍布河南四川天津等省市今年4月他意外从工友处得知信息终于在河南省新郑市找回了母亲高兴之余却又为母亲的户口难以落户而发愁,126,13,"[4, 8, 15, 8, 6, 14, 10, 13, 4, 11, 14, 4, 15]","[12, 13]","[[11], [13]]",或而但但但而就而如但但更但而当而但却而便而如而但但但
139,从母亲口中得知当年由于家境贫困父亲又经常不在家生活压力大精神恍惚的母亲就选择了离家出走幸好被孟庄镇碾卢村一好心人收留一直在河南生活了25年63岁的李桂英头发已经花白说起话来已有些河南口音她说当年离家时不到40岁这么多年一直很想念儿子和家里想寻找但出门就找不到东西南北自己又不识字现在终于回家了非常高兴,150,18,"[7, 8, 8, 5, 15, 15, 11, 13, 11, 2, 10, 4, 10, 3, 11, 6, 7, 4]",[18],[[17]],但因而因而但但但但但但就但就但但但但
140,昨日记者联系上了刘安良在韩城一煤矿打工时的工友徐某他说当时得知刘安良寻母的事情被他的执着所感动平时与河南老家联系时也托熟人帮忙打听刘安良母亲的下落,73,6,"[2, 23, 14, 8, 10, 16]",[4],[[4]],如但但更但但
141,庞先生说母亲和妻子以前就对脾气两人都是过日子的人以前有时候母亲会说妻子但她都是一笑而过两人基本没吵过嘴所以母亲也特别喜欢这个儿媳妇现在妻子照顾母亲也是无微不至虽然母亲已经没有意识但还是只认她,95,10,"[4, 11, 9, 11, 8, 8, 14, 14, 10, 6]",[7],[[6]],但而但但但但而而但但
142,意外在上午10点发生高空坠下的钢筋从周兴贵身边滑落将他从3楼拽下直接摔到了地面重伤昏迷的周兴贵被送往南京军区福州总医院入院时右手上臂骨折一处肋骨骨折肺部受创导致血气胸医院紧急为其做了肺部引流手术导出血水入院第4天时周兴贵支付的1万多元费用花光并欠下心胸外科4000多元治疗费若要接受右上臂骨折治疗手术手术费预计还需7万元当家人再度联系房主和包工头时两人电话均已关机处于失联状态即将面临停药的周兴贵情绪暴躁激动,204,21,"[10, 15, 7, 7, 20, 3, 6, 6, 9, 14, 4, 6, 14, 16, 13, 10, 14, 8, 6, 10, 6]",[21],[[20]],而由就就因但因因因但而当由因如但但但但而而
143,出事后周兴贵34岁的妻子倪琼带着3个女儿每天守在病房丈夫面临的困境一度令她绝望14日上午看着痛得几乎昏迷的丈夫倪琼做出了令她至今愧疚不已的事她背着不满周岁的女儿去了医院附近的打印店随后跑向闹市区在福州总院公交站旁一连跪了4个小时她手上的几张彩印传单很快引起了人们的关注红字标题醒目地写着求买孩子因工伤老板逃跑无钱医治愿将孩子卖了救救爸爸,168,15,"[3, 23, 13, 5, 11, 25, 10, 7, 17, 20, 13, 7, 4, 6, 4]","[6, 3]","[[14], [3]]",但而而而当而就但就而而因因如就但而而而但但就但就但而因因如就
145,就在周兴贵一家以为事情就此为止时接下来发生的事令其意外并满怀感激但也有些不知所措5天收到捐款120多万从15日开始周兴贵的手机短信提示声不停响起一笔笔爱心善款从全国各地涌来15日周兴贵就收到爱心捐款10万元接下来两天都有约50万元善款汇入捐款者多达3000余人捐款最多的一笔是10万元这位广东男子并未留下姓名无论周家人如何询问感激他都没透露自己的任何信息,177,16,"[16, 7, 9, 8, 17, 15, 14, 3, 14, 5, 11, 11, 12, 12, 11, 12]",[3],[[2]],但而更但但而当与而而但总而但但但
146,拥有名牌大学硕士学历和万元月薪的银行工作岗位的智某因为被前女友骗走存款而怨恨单身年轻女性以假恋爱的方式连续诈骗多名事主百余万元记者21日从北京警方了解到智某因涉嫌诈骗已被警方刑事拘留,91,5,"[25, 19, 19, 13, 15]",[2],[[2]],而因因但因
147,今年12月11日北京市公安局东城分局北京站派出所接到报警一女子称10日晚在附近一酒店内被自己的男朋友以帮助办理北京户口为由骗走5万元民警赶到案发酒店将尚未办理退房手续的嫌疑人智某抓获智某今年31岁某名牌大学硕士研究生毕业后在一家银行工作智某交代5年前他被当时的女友骗走了30万元的存款后产生怨恨之心在多家交友网站论坛上虚构官二代富二代等身份公开征友先后获取5名事主的信任随后智某先后以公司财务困难帮助办理户口父母治病等不同理由从5名事主手中骗取100余万元,228,18,"[8, 20, 15, 23, 8, 17, 7, 13, 7, 4, 3, 24, 10, 15, 11, 2, 26, 15]",[12],[[12]],但而但却当便而由但但而当但因因但而更
148,昨天下午郑州大学一附院急救中心12号楼5楼小儿内屋血液科22床陈水莲静静地坐在病床旁她9岁的儿子袁海池发着烧昏睡在一旁从确诊为骨髓异常增生综合征以来小海池已经煎熬了17个月5天前小海池病情加重被确诊为急性骨髓系白血病,108,10,"[4, 27, 11, 12, 5, 15, 12, 3, 7, 12]",[7],[[6]],但故而而就但而由因因
149,敬遂东是一名普通工人先后5次无偿献血2013年4月加入中华骨髓库成为造血干细胞捐献志愿者今年2月中华骨髓库检索得出比利时一名白血病患者与敬遂东骨髓配型相合新郑市红会的工作人员高先生回忆得知配型成功他们第一次找到敬遂东时敬遂东说想救这个人但同时又有顾虑担心抽骨髓会对自己身体有影响还要到北京去一个星期也不放心家中的父母与儿女,161,15,"[10, 8, 14, 12, 4, 9, 20, 15, 6, 11, 9, 7, 14, 10, 12]",[12],[[13]],而因而而如由如而而当但但因但但
150,小梅你记不记得我们说好的今年过年就回老家结婚生孩子我们自己造个新房好好过日子爱情片经典桥段在台州市第一人民医院病房真实上演贵州小伙沈岚给病床上的女孩按着脚嘴里说个不停女友注视着他静静地听着偶尔动一动手指大概是表示赞同医院神经外科副主任医师杨明说每次看到这样的场面他的心里都暖暖的,139,16,"[2, 5, 5, 13, 8, 5, 7, 32, 6, 6, 5, 7, 7, 14, 9, 8]",[16],[[15]],苟但但但而就而就但而就就但总但而
151,园园走了一起并肩战斗4年零5个月想起她的欢声笑语百感交集心里难受得无法形容昨日下午郑州电视台903室31岁的制片人李海龙眼圈红红的2010年7月郑州电视台面向全国进行了一场主持人公开招聘选拔大赛身材高挑浓眉大眼口齿伶俐温婉可人的邱园园进入评委们的视野这个来自山东临沂的漂亮女孩出生于1988年9月刚刚从中国传媒大学南广学院科班毕业在上千名选手中脱颖而出其实她之所以加盟郑州电视台缘于一场刻骨铭心的校园爱情,202,18,"[4, 12, 8, 4, 9, 4, 9, 15, 7, 25, 28, 13, 10, 17, 11, 2, 11, 13]",[5],[[1]],但但就而但但故而但而当而而但而但因却
152,3月份前后园园怀孕了俩人及其亲朋好友都沉浸在兴奋和快乐中谁也没想到一场突如其来的噩耗竟然残忍地结束了这一切在一次初期孕检中园园被意外查出患上了恶性肿瘤而且是中晚期结婚之后当妈妈是她最大的心愿昨日下午园园的丈夫张祺宣说初为父母的满腔喜悦被妻子的病情给打击得不知所措漫漫长夜里两人相互拥抱泪流满面,146,16,"[5, 5, 18, 5, 20, 8, 14, 6, 4, 10, 4, 9, 23, 5, 6, 4]","[3, 13]","[[2], [13]]",但而而但但但而而但但但而当但而而但当而但但但而但但但但苟而当当而
154,母亲张自慧说女儿得病很不幸但他们一家人又幸运地遇到很多好人她现在在医院当保洁员是医院医护人员看她可怜帮她找的工作张自慧说她现在最发愁的就是女儿后续治疗费用如果要根治这个病就得进行肾脏移植手术要30万元我们实在拿不出来,108,13,"[6, 7, 16, 10, 11, 6, 4, 7, 10, 8, 10, 5, 8]",[8],[[9]],但但但而就就但而但但但就但
155,还有好心人说如果武小莉能找到合适的肾源愿意为她筹集手术费用已收到4000元爱心捐款了邱华说这个孩子求生的愿望让人震撼家人的不离不弃更让人感动希望社会上的爱心人士伸出援手帮帮这个困难的家庭,93,9,"[6, 13, 10, 13, 3, 13, 12, 14, 9]",[7],[[7]],但但更但由但而更就
156,家住烟台市区生养了7个子女四男三女的九旬老人王瑜娥怎么也想不到含辛茹苦地将孩子们拉扯成人在她生活不能自理的时候四个儿子不仅不伺候照顾小儿子还将她的胳膊打断老人一怒之下将四个儿子告上法庭申请增加赡养费并要求支付护理费,107,8,"[31, 13, 11, 22, 6, 9, 7, 8]",[5],[[4]],而便就而而却因但
157,2009年底陪刘某回邵东老家见父母后刘伟人间蒸发在刘某的再三追问下刘伟道出实情盗窃被抓关在衡阳监狱2010年至2014年刘伟以身体不好需要治疗每月需要生活费为由让刘某每月向刘伟提供的银行账号汇款经过近5年的汇款刘某不但花光了所有的积蓄转让了理发店而且借了不少债务遥遥无期的等待中刘某感到刘伟释放无望心灰意冷,153,15,"[6, 12, 6, 9, 10, 6, 11, 20, 17, 8, 12, 6, 8, 18, 4]",[15],[[14]],但因与但因因由但就但而但但但与
158,举报事件发生之后学院领导和段雄春作了谈话段雄春承认感情出轨称对方是一名经济宽裕的离异中年妇女50岁左右户籍和工作关系均不在东莞该工作人员称其与段雄春夫妇都很熟段雄春的妻子也是学院教职员工段雄春曾经请求学院处理此事的工作人员帮忙抚慰其妻子的情绪27日下午5点来钟记者接东莞理工学院一教授电话称当天下午的教职工会上学院纪委书记谈到段雄春涉婚外情遭举报的事情很多教职员工感到吃惊,186,16,"[8, 12, 9, 17, 5, 12, 6, 10, 14, 18, 10, 9, 14, 11, 21, 10]",[16],[[15]],当由与但但但但因而但但而但但而但
159,今年年初海曙月湖街道办事处副主任陈永照获知了黄老的微心愿后下决心要传承老人的爱心帮他圆梦资助500个贫困孩子上学说做就做今年1月份黄爷爷爱心助学基金在月湖街道成立了通过企业捐资党员青年志愿者们爱心义卖热心市民捐款等到目前为止这个基金已经募集了爱心款15.5万元昨天是黄爷爷爱心助学基金正式运行的日子基金通过海曙团区委的牵线搭桥决定为青海天峻县的58位品学兼优的贫困孩子捐资一年爱心午餐每个孩子每年600元共计3.48万元当大家把这个好消息告诉黄老时他非常欣慰,229,17,"[4, 25, 11, 16, 4, 5, 17, 25, 5, 18, 2, 31, 29, 10, 8, 14, 5]",[17],[[16]],而而就就但而而如但而但就更但总但但
160,最初的那几天老吴几乎每晚都无法入睡心情糟糕到了极点那时我连甩了自己几个耳光如果没有这些荒唐的行为怎么可能这样后悔不已的老吴不停地自责明白幸福真谛想到父母和女儿老吴明白自己不能垮慢慢拾起了对生活的信心,99,10,"[6, 11, 8, 12, 11, 6, 12, 13, 9, 11]",[7],[[5]],而而但但但但而当但但
161,扬子晚报记者从秦淮公安分局光华路派出所了解到着火的房间位于一幢11层高的居民楼的顶层远远地就能见到火光冲天浓烟滚滚失火的居民家中有煤气管道及大量的易燃物品大火扑灭后经过警方现场的调查租住在失火房间内的女子陈某有纵火的嫌疑民警在火灾现场找到了陈某陈某也承认了自己放火的事实陈某称自己和男朋友感情非常好可是前段时间男朋友向她提出了分手她接受不了这才在租住的房屋内点燃了被子没想到火势越来越大自己也害怕了控制不住火势就将大门一关跑下了楼,215,19,"[22, 20, 11, 4, 20, 5, 9, 19, 12, 13, 3, 11, 16, 5, 14, 9, 6, 12, 4]",[17],[[16]],但而但但因当但而而而但但但但但但而但就
162,2014年11月10日上午11时52分沙湾县公安局四道河子派出所接到辖区外来务工人员许某电话报警称自己快要被妻子打死了请求派出所民警救救他值班民警迅速赶许某所述地点当民警赶到时看到了让人震惊的一幕一名30多岁的男子蜷缩在角落上身赤裸并伴随着全身青紫的伤痕眼神透露着绝望的表情看到此景民警立即将该男子送往镇卫生院救治,157,9,"[19, 40, 10, 13, 16, 29, 10, 4, 16]",[5],[[6]],而而就而而而但当而
163,2014年11月10日上午11时52分沙湾县公安局四道河子派出所接到辖区外来务工人员许某电话报警称自己快要被妻子打死了请求派出所民警救救他值班民警迅速赶许某所述地点当民警赶到时看到了让人震惊的一幕一名30多岁的男子蜷缩在角落上身赤裸并伴随着全身青紫的伤痕眼神透露着绝望的表情看到此景民警立即将该男子送往镇卫生院救治,157,10,"[19, 40, 10, 13, 16, 14, 15, 10, 4, 16]",[8],[[7]],而而但而但而但但若而
164,就在许某憧憬着美好的未来时谁知噩梦也悄悄来临第一次遭遇家暴是婚后不久的春节期间许某的老母亲听说儿子在新疆结婚了高兴的从老家赶来想看看已过门的儿媳妇谁知一进家门就看到自己的儿子在收拾房子擦地儿媳王某去串门打麻将去了许某的老母亲即难过又心疼就立刻放下行李帮儿子收拾起家务来,134,10,"[13, 9, 17, 16, 8, 10, 21, 12, 12, 16]",[5],[[4]],而但但当更就但与而但
165,就在许某憧憬着美好的未来时谁知噩梦也悄悄来临第一次遭遇家暴是婚后不久的春节期间许某的老母亲听说儿子在新疆结婚了高兴的从老家赶来想看看已过门的儿媳妇谁知一进家门就看到自己的儿子在收拾房子擦地儿媳王某去串门打麻将去了许某的老母亲即难过又心疼就立刻放下行李帮儿子收拾起家务来,134,9,"[13, 9, 17, 16, 8, 10, 33, 12, 16]",[8],[[7]],而但但当便就但而但
166,9岁时家贫寄养被拐卖1959年王小梅的父母迫于生活的无奈只能将年仅9岁的三女儿王小梅抱给村里的邻居寄养不料邻居将王小梅拐卖到了陕西省咸阳市一个偏僻的村庄里王小梅知道自己被拐后每天哭闹不停时刻思念着远方的亲人噩梦并未结束王小梅又再次被转卖到甘肃省庆阳市宁县一个更加偏远的村庄里在这个村庄里王小梅受尽了折磨吃尽了苦头,156,13,"[3, 12, 13, 23, 26, 10, 6, 10, 6, 28, 6, 8, 5]",[7],[[6]],但因而因却当但却但而就但却
167,噩梦并未结束王小梅又再次被转卖到甘肃省庆阳市宁县一个更加偏远的村庄里在这个村庄里王小梅受尽了折磨吃尽了苦头一次偶然的机会王小梅偷偷跑出向当地政府求救并被一位好心市民收养在养父一家的帮助下王小梅过上了幸福的生活此后以优异的成绩考入大学毕业后进入兰州某医院工作王小梅被拐走后其母亲袁某珍悔恨不已多次到四川成都资阳简阳等地寻找女儿但都杳无音讯袁某珍从此陷入对女儿的无尽思念之中,185,17,"[6, 28, 6, 8, 5, 7, 14, 10, 9, 11, 12, 12, 7, 10, 17, 6, 17]","[10, 14, 17]","[[9], [13], [16]]",但但就但却但但但但而但但当但因但而但而就而却但而但但与但但而而因但而但而就而却但而但但与但但当而便但而
170,31日凌晨3点周丽娟拿出刀对陈某说如果分手就死给你看我拿着刀挥来挥去他就过来抢刀具体过程我回忆不起来了周丽娟说只记得当时她丧失了理智拿刀自残陈某上来抢她的刀她就往回夺她也不清楚陈某的伤是怎么造成的周丽娟说陈某拿起电话要报警她很害怕就在陈某报警时扎了他脖子一刀,129,14,"[7, 19, 8, 6, 11, 4, 15, 8, 5, 15, 4, 9, 4, 14]",[13],[[12]],而但但而但但但但但但但但但但
171,1990年出生的葛宜峰和妻子结婚两个多月后闹离婚他自称做上门女婿的生活很压抑烦闷之中在车里将妻子杀死昨天上午葛宜峰因涉嫌故意杀人罪在市二中院受审其岳父母向其索赔106万余元并要求判处极刑,93,7,"[24, 14, 12, 4, 18, 14, 7]",[2],[[2]],而但但但因但但
172,今年2月5日正月初六他和同岁的同乡陈某结婚随后来到北京住在岳父母位于大兴区黄村镇的出租屋内做起了上门女婿葛宜峰说婚后的家庭生活让他很压抑他和岳母关系不融洽结婚当天就因琐事被岳母骂了一顿他为此发过微信朋友圈这婚结的一点高兴的理由都没有,116,12,"[6, 4, 11, 6, 18, 7, 4, 12, 9, 15, 14, 10]",[8],[[9]],但如而但就却但但而但但却
173,4月27日陈某早上出门葛宜峰说他在家还未起床就听到岳母不停地数落他和他的家人称他配不上她的女儿这让他很愤怒他说自己给妻子发短信说被岳母骂妻子回复我妈就那样过了一会儿妻子回家扔他的衣服说离婚了就别住她家里,101,13,"[5, 6, 4, 7, 25, 6, 10, 5, 9, 5, 4, 5, 10]",[6],[[5]],但而但而但但但就但但与就就
174,49年前女儿的出生为黄魁吾夫妇带来了无与伦比的喜悦可没多久两人渐渐发现女儿似乎与其他孩子不同一天天长大的她不会坐不会爬甚至不会自己翻身奔波了多家医院后夫妇俩不得不接受女儿患有先天性脑瘫的事实,95,10,"[4, 21, 4, 17, 7, 3, 3, 8, 8, 20]",[2],[[2]],或而但但而就但但但但
175,2013年12月28日凌晨2时许李某和曹某二人发生争执曹某对李某进行殴打李某觉得十分委屈为吓唬男友发泄怨愤她用打火机点燃了被子一旁的曹某及时制止了李某二人继续争吵情绪失控的李某再次用打火机点燃了床单一角这次曹某没有及时制止火势迅速增大两人见状赶紧用枕头拍打并用房间内的矿泉水扑救但未能控制火势,146,14,"[16, 11, 9, 8, 9, 10, 12, 6, 20, 10, 6, 11, 11, 7]",[4],[[3]],而但而而因但而但但但但但但但
176,警方调查陈某31岁违反法令9日凌晨开着逾期未还的租赁车南下找林姓女友租赁公司循GPS追踪到台中太平区立刻报警当警察到场时陈某正好要出门一看到警察立刻丢弃身上的随身包警察拦人起出111克安非他命22克海洛因惊讶他才获释2天就又有毒品且都已分装好有贩卖意图昨依法送办,131,13,"[4, 9, 21, 16, 4, 6, 7, 15, 20, 13, 6, 5, 5]",[10],[[10]],由因但当就但而但因更而或但
177,小雪走了留给20岁的小娟无尽的悔恨和伤痛小娟是潼南县古溪镇宝山村人小雪去世后她称愿意在自己的能力范围内就小雪的父母进行补偿现在拿不出钱来但可以用时间来弥补如果她小雪的父母不嫌弃我愿意当他们一辈子的女儿而作为一个游走在两个女孩之间26岁的阿翔事后也感到深深的自责和愧疚,133,11,"[4, 16, 13, 5, 23, 7, 9, 11, 12, 20, 13]",[2],[[1]],当而而当但但而但但因但
178,真正的爱情无关年龄差距也无关环境的好坏来自吉尔吉斯斯坦的大二留学生星星说这是第一次知道爱情天梯的故事但是刘国江和徐朝清的故事值得向全世界分享在这深山中徒手凿出一条6000级的台阶太让人震撼了登山过程中一直很兴奋的星星说将会将这个故事告诉给吉尔吉斯斯坦的朋友让他们知道在中国也有不亚于罗密欧和朱丽叶的经典爱情故事,155,9,"[11, 8, 17, 14, 20, 25, 14, 19, 27]",[6],[[6]],与但而但但而而但就
179,今年25岁的唐某将曾是自己亲姐夫的张某变成丈夫后发现两人并不合适为寻找情感慰藉唐某在QQ上认识了24岁的谯某两人迅速发展成情人当唐某向张某提出离婚后被拒怨恨转化成杀意4月唐某和谯某一起捅伤张某并将其活埋,101,9,"[24, 8, 7, 15, 9, 13, 7, 2, 16]",[7],[[6]],而却因而但但当与与
180,韩小姐说不怪别人嘲笑她字体大学之后不管是学习工作大多都是用电脑和手机打字手写字确实越写越丑一遇到要手写字的场合她就觉得有些难堪毕竟字如其人有时候字体也会成为他人判断自己的标准看到字写得好的人很羡慕,98,8,"[4, 9, 23, 9, 10, 14, 18, 11]",[6],[[5]],但就但但但而但但
181,2日晚上9点30分左右丽水龙泉市凤起路上演疯狂的一幕一名女子驾车撞向路人造成6人受伤多车受损但令人惊讶的是这名女子并不是因为操作不当误将油门当刹车而是有意为之,79,6,"[11, 25, 6, 4, 7, 26]",[5],[[6]],而而更更而而
182,据目击者称事发当晚在一家甜品店附近一辆白色的比亚迪轿车突然发出一阵轰鸣声随后直接冲向人群将1名正在行走的男子撞飞后车子并没有停下来而是继续加速往前冲随后在将1名三轮车车夫和一排电动车撞翻后车子又撞上了1名年轻男子及他的母亲在巨大惯性的作用下轿车又将路边两家夜宵摊掀倒后又撞上了2名路人之后又撞上了一辆黑色的宝马轿车最后轿车终于停了下来此时有人发现车底下还压着一名之前撞倒在地的女子这一连串的疯狂撞击可把周围的路人吓得目瞪口呆四散逃跑,216,21,"[5, 4, 8, 19, 8, 13, 8, 9, 2, 18, 17, 9, 22, 2, 13, 2, 8, 2, 21, 22, 4]",[20],[[20]],但而就而但更但因但就而但而而但而而而更而而
183,两个月前走投无路的贺先生只好回到老家宁波尝试联系自己的子女多年未见子女心中难免有所怨恨态度极为冷淡都不愿见面后来有朋友把他的近况告诉了张女士张女士说我原本只是想去看看他现在过得多落魄看看他悔不当初的样子可没想到见到他满面病容老态龙钟张女士说她当时心中一阵酸楚没考虑太多就把贺先生接回家中昨天才跟两个孩子商量好同意他们爸爸搬回来不管以后怎样夫妻一场我还是决定陪着他走下去照顾他,187,22,"[4, 16, 9, 4, 10, 6, 5, 2, 14, 31, 4, 3, 8, 4, 9, 5, 9, 11, 9, 6, 4, 14]",[5],[[4]],但而但但但但但但就但但当如但但但但但但但当但
184,两个月前走投无路的贺先生只好回到老家宁波尝试联系自己的子女多年未见子女心中难免有所怨恨态度极为冷淡都不愿见面后来有朋友把他的近况告诉了张女士张女士说我原本只是想去看看他现在过得多落魄看看他悔不当初的样子可没想到见到他满面病容老态龙钟张女士说她当时心中一阵酸楚没考虑太多就把贺先生接回家中昨天才跟两个孩子商量好同意他们爸爸搬回来不管以后怎样夫妻一场我还是决定陪着他走下去照顾他,187,21,"[4, 16, 9, 4, 10, 6, 5, 2, 14, 31, 4, 11, 4, 9, 5, 9, 11, 9, 6, 4, 14]",[14],[[12]],而而但但但但但但就但但但但而但但但但但当但
185,李某向警方供述说他曾与胡某订婚后因性格原因两人和平分手分手后他与胡某还以普通朋友的身份常联系在分手后胡某以做生意为由向李某先后借钱10余万元没借钱时我们还经常联系等我把钱借给她胡某后胡某就故意躲着我打电话也不接李某供述借钱一事后经双方家长协商胡某归还了一部分但剩下的钱却始终不肯还想到胡某与自己订婚后分手现在又借钱不还旧怨新恨让李某萌生了报复胡某的想法,176,18,"[8, 7, 12, 19, 4, 8, 12, 4, 7, 10, 8, 6, 4, 12, 8, 11, 19, 17]",[18],[[17]],但但因但但而便但而就而就但因但但但而
186,昨日提起这事躺在医院烧伤科的三女儿非常难受我在卧室照看我爸呢听见了姐姐的尖叫她赶紧出来看个究竟在厨房里她看见李某拿着装满塑料壶的硫酸向姐姐头上浇姐姐的头部和身上都是硫酸她和闻讯赶来的母亲扑上去阻拦李某不但没有停下来反而将我们当做了目标给我们身上泼起了硫酸胡某因为腰病在床上躺着看到家人遭受伤害挣扎着下床跑过来紧紧抱住李某他也遭到硫酸的伤害,169,19,"[2, 4, 15, 9, 8, 9, 4, 21, 12, 9, 5, 9, 10, 10, 11, 8, 8, 6, 9]",[3],[[2]],如当而而却但就当而而就但但就而当就就而
187,据李某家人告知李某服老鼠药轻生的主要原因是与男友感情纠葛想不开一时冲动跑到街上买了一袋老鼠药服下想以此了结情感上的烦恼在民警及其家人的劝导下经历过一回生死的李某表示再也不会因感情冲动干出傻事来,96,8,"[7, 13, 11, 17, 11, 11, 21, 5]",[4],[[3]],但而总但总但但却
188,警方表示一名陈姓女高中生10月31日晚上近7时在嘉义市文化公园等待家人接送江姓男子突然跑过去搭讪自称我有钱做我女朋友女高中生当场拒绝陈姓女学生欲转身离开却遭江姓男子一把强拉其左手阻止受到惊吓的女生喊救命随即被江姓男子捂住嘴巴压倒在地路人见状大声斥喝江姓男子松手起身慌张地骑机车逃逸,140,14,"[4, 33, 11, 5, 5, 8, 10, 15, 10, 15, 4, 4, 8, 8]",[9],[[8]],但而而却就但但但当但当更但却
189,昨日7时许长春又是个雾霾天PM2.5数值是370严重污染解放大路与树勋街交会的绿化隔离带旁同时出现了一大一小两个身影一个是穿着橘色工作服的环卫女工另外一个是站在一旁看上去只有三四岁大的小女孩女孩很听话乖乖地站在矮树丛里环卫女工在工作时不时会伸出左臂拉住女孩的胳膊的哥孙桂发目睹到了这个画面感动得差点儿落泪孙桂发说看见孩子的小身影心里酸酸的环卫工生活真是不易孩子太懂事了,184,19,"[5, 8, 11, 4, 17, 13, 15, 9, 13, 5, 9, 7, 15, 13, 8, 12, 5, 9, 6]",[15],[[14]],但而而因与但而而而但就当但而更但但当但
190,31岁的孙桂发是一名白班的哥昨天7点半他刚好驾车途经树勋街向解放大路右转弯车刚开到路口他就看见马路中间的绿化隔离带旁有两个身影一大一小当时环卫女工正在干活因为包着头巾看不出年纪她一旁站着个小女孩三四岁的样子就站在矮树丛里一动不动孙桂发说当他看到这一幕时眼泪差点没掉下来都知道环卫工辛苦可这也太让人心酸了那么小的孩子就得跟大人出来扫马路看了让人心里难受,175,20,"[14, 5, 18, 6, 20, 4, 2, 8, 6, 5, 9, 6, 11, 4, 8, 8, 8, 9, 16, 8]",[18],[[19]],而而而当而唯而当就更而就但但而但但但而但
191,几天前江苏扬州75岁的患癌老人夏居茂留下手表钱包及一封遗书后出走还在信中嘱咐养女水电费已交了…相依为命20多年的女儿焦急寻找前天距老人出走不远的河边有居民发现遗体昨天经养女辨认确认是老人,93,9,"[3, 29, 30, 2, 10, 7, 2, 5, 5]",[3],[[2]],而而但当而但如但但
192,南夏邑一个24岁的农村女孩尹宾怡身高1.7米亭亭玉立就是这样一位容貌俊美的姑娘却不幸患上了白血病令人感动的是和她年令相差不多的哥哥尹永涛为了挽救妹妹的生命为她做了5次骨髓移植诠释了兄妹之间割舍不断的人间真情,103,7,"[16, 6, 4, 22, 6, 33, 16]",[5],[[6]],当总而但更而更
193,只要有一丝希望我们都不会放弃尹永涛哀求着说只要能救妹妹的命他愿意再去尝试但是院方的建议是采用非血缘关系相匹配的骨髓或许成功率更高如今已康复出院的尹宾怡提起哥哥为了救她做5次骨髓移植的事感激的泪水就会夺眶而出,103,8,"[7, 7, 7, 8, 7, 28, 28, 11]",[8],[[7]],但但但但但但而而
194,陈晓毅说父亲今年61岁了只有他这么一个儿子而母亲已于10年前去世一边是需要照顾的父亲一边是不能少了顶梁柱的小家庭陈晓毅面对如此两难的选择时在没有和妻子小谭商量的前提下他擅自决定选择辞职回家照顾父亲我一直觉得没有尽到孝心陈晓毅称得知丈夫辞职要回家照顾父亲的消息后小谭认为丈夫缺少家庭责任感而且不尊重自己没有和自己商量就辞职让家庭生活陷入困境为此两人不断争吵而作为长辈的汤某也经常完全站在女儿一边数落女婿这让陈晓毅很是气愤,209,20,"[4, 8, 9, 11, 10, 14, 13, 14, 15, 11, 4, 17, 13, 7, 10, 9, 2, 6, 23, 9]",[20],"[[18, 19]]",但而却因而而当但但但但当但但但更因但因而
195,晨报曾于本月18日以女总监的两难选择为题报道了曾经月薪过3万的女总监刘海笛放弃高薪回到重庆照顾母亲一事十多天过去了刘海笛现在的状况如何她对自己当初的选择是否后悔呢昨天见到刘海笛时她精神好了很多脸上也有了血色谈到当初放弃高薪回重庆照顾母亲的决定刘海笛觉得还是有一些后悔这个决定多少有些冲动她说现在静下心来细想这个冲动的决定让她陷入窘境不但治疗费用没保障也没将母亲照顾好这与她最初的想法是背道而驰的,197,19,"[20, 17, 14, 6, 10, 14, 2, 6, 7, 7, 18, 12, 10, 2, 8, 13, 9, 8, 14]",[12],[[11]],而就因但而但但当但而当但但但但但但但但
196,她刘海迪通过自力更生成为小有名气的服装设计师在香港奥拉摩达服装有限公司担任服装设计总监月薪3万因母亲病重毅然放弃工作回到重庆照顾母亲如今因没有了经济来源她有点后悔当初的冲动决定但她也在努力寻找工作他陈晓毅在一建材公司工作因在老家的父亲中风瘫痪在床他在没有和妻子商量的情况下毅然辞职回家照顾父亲如今妻子为此起诉要求和他离婚,160,19,"[4, 6, 12, 21, 4, 5, 6, 8, 2, 8, 12, 10, 4, 8, 13, 13, 10, 2, 12]",[11],[[11]],而但而而总因但但而就但但而因而但但而但
197,10月22日晚黎明驾驶摩托车行至周市镇迎宾路时遭遇车祸当即昏迷被送往昆山市第一人民医院抢救医院虽全力抢救遗憾的是黎明还是出现了昏迷自主呼吸消失等症状医生初步诊断为脑死亡这意味着一旦撤下呼吸机小伙的心跳就会停止得知情况后远在老家的父母第一时间赶到昆山望着躺在病床上的儿子父母伤心至极每天以泪洗面,146,16,"[7, 20, 4, 14, 7, 4, 18, 10, 4, 7, 9, 5, 15, 10, 6, 6]",[15],[[14]],但当但但但但但但而但而当而却而但
198,家人含泪决定捐献器官儿子已醒来无望父母听说可以将黎明的器官捐献出来挽救别人的生命朴实的父母亲虽万般不舍但想到儿子的奉献能帮助别人且以另一种方式延续生命不禁动了心昆山红十字会得知黎明父母的想法后立即派人赶到医院与他们沟通黎明的父母很坚定并郑重决定捐献孩子身上有用的器官挽救别人的生命在场的所有人都被两位老人的深明大义所感动,160,15,"[17, 4, 12, 7, 11, 13, 11, 5, 16, 8, 5, 8, 16, 7, 20]",[15],[[15]],当当就而而但而却当便当但但而而
199,火灾发生于昨日凌晨2点左右火势很大起火后浓烟迅速笼罩整栋居民楼很多居民被呛醒在物业和消防队员的疏散下居民们通过安全通道聚集到楼下空旷地带但让居民们愤怒的是起火房屋的主人曾阻止邻居报警我被呛醒了一看恁大的烟我赶紧打开后窗户并报警但是他们居然说谁报警弄死谁,126,15,"[13, 4, 3, 11, 7, 12, 18, 9, 14, 5, 2, 4, 8, 3, 13]",[8],[[9]],而因但当而而当但因当如就而但而
200,据香港电台消息香港一名59岁有家暴前科的男子怀疑年轻10年的妻子不忠到妻子工作的酒楼狂斩她10刀妻子最终不治被告谋杀罪成判处终身监禁被告早前在香港高等法院否认谋杀罪名4男3女陪审团早上退庭商讨约两个多小时后以大比数6比1裁定被告谋杀罪成被告听取裁决及判刑时一直低头法官形容案件是令人伤感的悲剧被告以尖刀狂刺妻子力度大得令妻子的胸骨折断主要器官严重受损法官指被告不但夺去妻子宝贵性命更令儿子失去母亲一手导致家散人亡,206,20,"[7, 15, 12, 8, 6, 6, 6, 6, 17, 20, 15, 10, 4, 4, 10, 29, 3, 12, 8, 8]",[15],[[16]],而而因而就但总但而而而当却而而但但而但因
