section,emo_clause_index,cau_candidate_index,emotion_clause,cause_candidate,correctness
1,7,1,激动地对中新网记者说,当我看到建议被采纳,false
1,7,2,激动地对中新网记者说,部委领导写给我的回信时,false
1,7,3,激动地对中新网记者说,我知道我正在为这个国家的发展尽着一份力量,false
1,7,4,激动地对中新网记者说,27日,false
1,7,5,激动地对中新网记者说,河北省邢台钢铁有限公司的普通工人白金跃,false
1,7,6,激动地对中新网记者说,拿着历年来国家各部委反馈给他的感谢信,false
1,7,7,激动地对中新网记者说,激动地对中新网记者说,false
1,7,8,激动地对中新网记者说,27年来,false
1,7,9,激动地对中新网记者说,国家公安部国家工商总局国家科学技术委员会科技部卫生部国家发展改革委员会等部委均接受并采纳过的我的建议,true
2,9,1,并略显激动,据白金跃介绍,false
2,9,2,并略显激动,自1988年至今,false
2,9,3,并略显激动,他向国家各部委提出合理化建议1000多条,false
2,9,4,并略显激动,并多次被各部委采纳,false
2,9,5,并略显激动,曾荣获国家十二五建言献策个人一等奖河北省建言献策三等奖,false
2,9,6,并略显激动,当日,false
2,9,7,并略显激动,跟中新网记者谈起建言献策的初衷,false
2,9,8,并略显激动,白金跃陷入回忆,true
2,9,9,并略显激动,并略显激动,false
3,12,1,小男孩胸口蔫瘦得让人心疼,2002年6月3日上午,false
3,12,2,小男孩胸口蔫瘦得让人心疼,当值的曾友蔚接报,false
3,12,3,小男孩胸口蔫瘦得让人心疼,狮山镇小塘走马营村一树林里有一名年仅2岁多的小男孩躺在草地上,false
3,12,4,小男孩胸口蔫瘦得让人心疼,无人认领,false
3,12,5,小男孩胸口蔫瘦得让人心疼,曾友蔚立即赶到现场处置,false
3,12,6,小男孩胸口蔫瘦得让人心疼,只见林中的草地上,false
3,12,7,小男孩胸口蔫瘦得让人心疼,小男孩被包在一条毛巾里,false
3,12,8,小男孩胸口蔫瘦得让人心疼,很孱弱,false
3,12,9,小男孩胸口蔫瘦得让人心疼,不哭也不闹,false
3,12,10,小男孩胸口蔫瘦得让人心疼,小眼珠子静静地望着眼前的警察叔叔,false
3,12,11,小男孩胸口蔫瘦得让人心疼,曾友蔚打开包裹着的围巾,false
3,12,12,小男孩胸口蔫瘦得让人心疼,小男孩胸口蔫瘦得让人心疼,true
3,12,13,小男孩胸口蔫瘦得让人心疼,贴身处有一张写着出生年月的纸条和一封利是,false
3,12,14,小男孩胸口蔫瘦得让人心疼,曾友蔚意识到,false
3,12,15,小男孩胸口蔫瘦得让人心疼,这可能是个病被弃的孩子,false
4,12,1,无奈才选择跳楼轻生,为尽快将女子救下,false
4,12,2,无奈才选择跳楼轻生,指挥员立即制订了救援方案,false
4,12,3,无奈才选择跳楼轻生,第一组在楼下铺设救生气垫,false
4,12,4,无奈才选择跳楼轻生,并对周围无关人员进行疏散,false
4,12,5,无奈才选择跳楼轻生,另一组队员快速爬上6楼,false
4,12,6,无奈才选择跳楼轻生,在楼内对女子进行劝说,false
4,12,7,无奈才选择跳楼轻生,劝说过程中,false
4,12,8,无奈才选择跳楼轻生,消防官兵了解到,false
4,12,9,无奈才选择跳楼轻生,该女子是对方拖欠工程款,true
4,12,10,无奈才选择跳楼轻生,家中又急需用钱,true
4,12,11,无奈才选择跳楼轻生,生活压力大,true
4,12,12,无奈才选择跳楼轻生,无奈才选择跳楼轻生,false
5,7,1,两人既是自豪也是对前景充满了信心,依靠父母支持和在学校打工积攒下来的钱,false
5,7,2,两人既是自豪也是对前景充满了信心,两人共投资50多万元,false
5,7,3,两人既是自豪也是对前景充满了信心,办起了养鸡场,false
5,7,4,两人既是自豪也是对前景充满了信心,去年11月开始售卖产品,false
5,7,5,两人既是自豪也是对前景充满了信心,3个月的销售额已经达到了50多万元,false
5,7,6,两人既是自豪也是对前景充满了信心,有这样一个好的开头,true
5,7,7,两人既是自豪也是对前景充满了信心,两人既是自豪也是对前景充满了信心,false
6,6,1,当初获得入户指标的那份欣喜,2013年6月,false
6,6,2,当初获得入户指标的那份欣喜,在深圳打拼10年的吴树梁终于拿到大红的深圳市户口,false
6,6,3,当初获得入户指标的那份欣喜,儿子吴同也随之迁入深圳,false
6,6,4,当初获得入户指标的那份欣喜,但妻子丁维清却必须等候吴树梁入户满两年才能随迁,false
6,6,5,当初获得入户指标的那份欣喜,半年后,false
6,6,6,当初获得入户指标的那份欣喜,当初获得入户指标的那份欣喜,true
6,6,7,当初获得入户指标的那份欣喜,老吴患上肺癌晚期的噩耗而荡然无存,false
6,6,8,当初获得入户指标的那份欣喜,取而代之的,false
6,6,9,当初获得入户指标的那份欣喜,是他对自己生存期的忧虑,false
6,6,10,当初获得入户指标的那份欣喜,医生的判决是36个月,false
6,6,11,当初获得入户指标的那份欣喜,这意味着,false
6,6,12,当初获得入户指标的那份欣喜,老吴可能等不到妻子随迁入户深圳,false
6,9,1,是他对自己生存期的忧虑,2013年6月,false
6,9,2,是他对自己生存期的忧虑,在深圳打拼10年的吴树梁终于拿到大红的深圳市户口,false
6,9,3,是他对自己生存期的忧虑,儿子吴同也随之迁入深圳,false
6,9,4,是他对自己生存期的忧虑,但妻子丁维清却必须等候吴树梁入户满两年才能随迁,false
6,9,5,是他对自己生存期的忧虑,半年后,false
6,9,6,是他对自己生存期的忧虑,当初获得入户指标的那份欣喜,false
6,9,7,是他对自己生存期的忧虑,老吴患上肺癌晚期的噩耗而荡然无存,false
6,9,8,是他对自己生存期的忧虑,取而代之的,false
6,9,9,是他对自己生存期的忧虑,是他对自己生存期的忧虑,false
6,9,10,是他对自己生存期的忧虑,医生的判决是36个月,false
6,9,11,是他对自己生存期的忧虑,这意味着,false
6,9,12,是他对自己生存期的忧虑,老吴可能等不到妻子随迁入户深圳,true
8,1,1,生不如死是老吴患癌后常有的想法,生不如死是老吴患癌后常有的想法,false
8,1,2,生不如死是老吴患癌后常有的想法,大面积骨转移,true
8,1,3,生不如死是老吴患癌后常有的想法,老吴每天都在剧痛里挣扎,true
8,1,4,生不如死是老吴患癌后常有的想法,从2012年10月到现在,false
8,1,5,生不如死是老吴患癌后常有的想法,老吴已经和晚期肺癌搏斗了30个月,false
8,1,6,生不如死是老吴患癌后常有的想法,这个时间长度,false
8,1,7,生不如死是老吴患癌后常有的想法,比医生最初给他的死亡判决已经超出了近10倍,false
8,1,8,生不如死是老吴患癌后常有的想法,深圳宁养院的医生王劲也感到惊诧,false
8,8,1,深圳宁养院的医生王劲也感到惊诧,生不如死是老吴患癌后常有的想法,false
8,8,2,深圳宁养院的医生王劲也感到惊诧,大面积骨转移,false
8,8,3,深圳宁养院的医生王劲也感到惊诧,老吴每天都在剧痛里挣扎,false
8,8,4,深圳宁养院的医生王劲也感到惊诧,从2012年10月到现在,false
8,8,5,深圳宁养院的医生王劲也感到惊诧,老吴已经和晚期肺癌搏斗了30个月,true
8,8,6,深圳宁养院的医生王劲也感到惊诧,这个时间长度,false
8,8,7,深圳宁养院的医生王劲也感到惊诧,比医生最初给他的死亡判决已经超出了近10倍,true
8,8,8,深圳宁养院的医生王劲也感到惊诧,深圳宁养院的医生王劲也感到惊诧,false
10,5,1,就会有网友担心老吴是不是去了,为了坚持到妻子入户,false
10,5,2,就会有网友担心老吴是不是去了,老吴已经用尽了全力,false
10,5,3,就会有网友担心老吴是不是去了,老吴其抗癌事迹广为人知,false
10,5,4,就会有网友担心老吴是不是去了,如果老吴长时间不更新微博,true
10,5,5,就会有网友担心老吴是不是去了,就会有网友担心老吴是不是去了,false
10,5,6,就会有网友担心老吴是不是去了,2013年底,false
10,5,7,就会有网友担心老吴是不是去了,老吴两个多月没有更新微博,false
10,5,8,就会有网友担心老吴是不是去了,有网友担心地问他近况如何,false
10,5,9,就会有网友担心老吴是不是去了,看到网友的发问,false
10,5,10,就会有网友担心老吴是不是去了,正在经历靶向药耐药性剧痛期的他,false
10,5,11,就会有网友担心老吴是不是去了,还是努力地敲下了四个字活着,false
10,5,12,就会有网友担心老吴是不是去了,活着,false
11,5,1,总之是无奈和心酸,目前全家依靠她两千多元工资生活,false
11,5,2,总之是无奈和心酸,看病已负债累累,true
11,5,3,总之是无奈和心酸,如果我不在了,false
11,5,4,总之是无奈和心酸,妻子没有深圳户籍日子会更难,true
11,5,5,总之是无奈和心酸,总之是无奈和心酸,false
11,5,6,总之是无奈和心酸,但我也很感谢那些帮助我的网友义工宁养院,false
11,5,7,总之是无奈和心酸,还有家人的不离不弃,false
11,5,8,总之是无奈和心酸,我现在只能咬牙继续坚持,false
11,5,9,总之是无奈和心酸,希望能够达成心愿,false
12,7,1,但我也很感谢那些帮助我的网友义工宁养院,目前全家依靠她两千多元工资生活,false
12,7,2,但我也很感谢那些帮助我的网友义工宁养院,看病已负债累累,false
12,7,3,但我也很感谢那些帮助我的网友义工宁养院,如果我不在了,false
12,7,4,但我也很感谢那些帮助我的网友义工宁养院,妻子没有深圳户籍,false
12,7,5,但我也很感谢那些帮助我的网友义工宁养院,日子会更难,false
12,7,6,但我也很感谢那些帮助我的网友义工宁养院,总之是无奈和心酸,false
12,7,7,但我也很感谢那些帮助我的网友义工宁养院,但我也很感谢那些帮助我的网友义工宁养院,true
12,7,8,但我也很感谢那些帮助我的网友义工宁养院,还有家人的不离不弃,true
12,7,9,但我也很感谢那些帮助我的网友义工宁养院,我现在只能咬牙继续坚持,false
12,7,10,但我也很感谢那些帮助我的网友义工宁养院,希望能够达成心愿,false
13,6,1,太没有人性,4月14日下午,false
13,6,2,太没有人性,有微博网友爆料称,false
13,6,3,太没有人性,通州台湖某制药厂内悬挂着数只死猫,false
13,6,4,太没有人性,并配发图片,false
13,6,5,太没有人性,众多网友指责如此虐猫,true
13,6,6,太没有人性,太没有人性,false
13,6,7,太没有人性,还有网友怀疑这是厂方处置流浪猫手段,false
14,2,1,妻子一时激动竟从阳台滑下,老公站在楼栋底下同站在6楼的妻子隔空拌嘴,true
14,2,2,妻子一时激动竟从阳台滑下,妻子一时激动竟从阳台滑下,false
14,2,3,妻子一时激动竟从阳台滑下,但幸运地挂在4楼晒衣架上,false
14,2,4,妻子一时激动竟从阳台滑下,老公立即大喊快抓紧,false
14,2,5,妻子一时激动竟从阳台滑下,我爱你,false
14,2,6,妻子一时激动竟从阳台滑下,妻子被温馨的话语感动,false
14,2,7,妻子一时激动竟从阳台滑下,自救成功,false
14,6,1,妻子被温馨的话语感动,老公站在楼栋底下同站在6楼的妻子隔空拌嘴,false
14,6,2,妻子被温馨的话语感动,妻子一时激动竟从阳台滑下,false
14,6,3,妻子被温馨的话语感动,但幸运地挂在4楼晒衣架上,false
14,6,4,妻子被温馨的话语感动,老公立即大喊快抓紧,false
14,6,5,妻子被温馨的话语感动,我爱你,false
14,6,6,妻子被温馨的话语感动,妻子被温馨的话语感动,true
14,6,7,妻子被温馨的话语感动,自救成功,false
16,5,1,小雯感到诧异,同月19日深夜11时,false
16,5,2,小雯感到诧异,韩男去电给小雯约在一处利店前碰面,false
16,5,3,小雯感到诧异,小雯误认对方是她的邱姓男友而赴约,true
16,5,4,小雯感到诧异,2人见面之后,false
16,5,5,小雯感到诧异,小雯感到诧异,false
16,5,6,小雯感到诧异,却也接受韩男提议,false
16,5,7,小雯感到诧异,在公园内聊天散步,false
16,5,8,小雯感到诧异,没多久韩男竟强拉小雯到厕所企图性侵,false
16,5,9,小雯感到诧异,但小雯反抗而未果,false
16,5,10,小雯感到诧异,韩男再强拉少女到运动场的司令台后方楼梯间性侵得逞,false
17,7,1,张治英心疼不已,五年了,false
17,7,2,张治英心疼不已,孩子一滴尿也没排过,false
17,7,3,张治英心疼不已,每天身上发痒疼痛胸口憋闷换不过气来,false
17,7,4,张治英心疼不已,经常大半夜睡不着觉,false
17,7,5,张治英心疼不已,我就骑摩托车带她出去遛弯,false
17,7,6,张治英心疼不已,看着曾经各方面优异的女儿如今成了这个样子,true
17,7,7,张治英心疼不已,张治英心疼不已,false
17,7,8,张治英心疼不已,在校期间,false
17,7,9,张治英心疼不已,张琼元每次考试都是前三名,false
17,7,10,张治英心疼不已,多年来,false
17,7,11,张治英心疼不已,一直担任班干部,false
18,2,1,张治英还给女儿买不起大碗面自责不已,直到现在,false
18,2,2,张治英还给女儿买不起大碗面自责不已,张治英还给女儿买不起大碗面自责不已,true
19,6,1,可张治英却怎么也高兴不起来,前段时间,false
19,6,2,可张治英却怎么也高兴不起来,在北京大学人民医院治疗时的大夫打来电话询问了琼元的病情后,false
19,6,3,可张治英却怎么也高兴不起来,说孩子还有希望,false
19,6,4,可张治英却怎么也高兴不起来,建议做换肾手术,false
19,6,5,可张治英却怎么也高兴不起来,希望近在眼前,false
19,6,6,可张治英却怎么也高兴不起来,可张治英却怎么也高兴不起来,false
19,6,7,可张治英却怎么也高兴不起来,张琼元并不是他的亲生女儿,true
19,6,8,可张治英却怎么也高兴不起来,在一次检查中,false
19,6,9,可张治英却怎么也高兴不起来,张琼元得知自己是O型血,false
19,6,10,可张治英却怎么也高兴不起来,而父亲是A型,false
19,6,11,可张治英却怎么也高兴不起来,母亲是AB型时,false
19,6,12,可张治英却怎么也高兴不起来,聪明的她瞬间明白了其中的意味,false
20,7,1,张治英泣不成声,瞒不住了,false
20,7,2,张治英泣不成声,张治英问她想不想看望亲生父母,false
20,7,3,张治英泣不成声,张琼元哭着说我是你们的女儿,false
20,7,4,张治英泣不成声,看着懂事的女儿每天被病痛折磨着,false
20,7,5,张治英泣不成声,自己却不能为她捐肾,false
20,7,6,张治英泣不成声,想到自己无能为力,true
20,7,7,张治英泣不成声,张治英泣不成声,false
21,8,1,陈大爷终于笑了,民警将老人送到南钢厂区,false
21,8,2,陈大爷终于笑了,问了半天,false
21,8,3,陈大爷终于笑了,陈大爷也没有说清楚他家到底该怎么走,false
21,8,4,陈大爷终于笑了,无奈之下,false
21,8,5,陈大爷终于笑了,民警只能下车逐一询问附近的居民,false
21,8,6,陈大爷终于笑了,最终把陈大爷安全送回家,false
21,8,7,陈大爷终于笑了,到家后,true
21,8,8,陈大爷终于笑了,陈大爷终于笑了,false
21,8,9,陈大爷终于笑了,连声对民警道谢,false
21,8,10,陈大爷终于笑了,还热情挽留民警在家吃晚饭,false
21,8,11,陈大爷终于笑了,但被民警婉言谢绝,false
22,3,1,周围路过的多位居民都对她表示了赞扬,对于鲁女士遇见老人跌倒立刻出手相助,true
22,3,2,周围路过的多位居民都对她表示了赞扬,还陪着老人一起等民警的行为,false
22,3,3,周围路过的多位居民都对她表示了赞扬,周围路过的多位居民都对她表示了赞扬,false
22,3,4,周围路过的多位居民都对她表示了赞扬,出警的民警也告诉记者,false
22,3,5,周围路过的多位居民都对她表示了赞扬,跌倒的老人真的需要有人帮助,false
22,3,6,周围路过的多位居民都对她表示了赞扬,否则可能会发生二次事,false
22,3,7,周围路过的多位居民都对她表示了赞扬,扶老人而被讹的事情是极少数的,false
23,4,1,让人尊敬,在老一辈村民的记忆里,false
23,4,2,让人尊敬,谢德友镇定自若为溺亡村民黄某入殓的场景,true
23,4,3,让人尊敬,时隔多年仍历历在目,false
23,4,4,让人尊敬,让人尊敬,false
24,8,1,再次丈夫撒手人寰而陷入无限绝望中,眼前厚厚几沓病历相册证件,false
24,8,2,再次丈夫撒手人寰而陷入无限绝望中,白纸黑字如此刺眼绝望,false
24,8,3,再次丈夫撒手人寰而陷入无限绝望中,才敢相信她安静克制的脸庞下,false
24,8,4,再次丈夫撒手人寰而陷入无限绝望中,曾承受住多少次命运的陡然翻转,false
24,8,5,再次丈夫撒手人寰而陷入无限绝望中,自从17岁儿子病逝去,false
24,8,6,再次丈夫撒手人寰而陷入无限绝望中,丈夫与她领养了一个女儿,false
24,8,7,再次丈夫撒手人寰而陷入无限绝望中,刚树立起的生活希望,false
24,8,8,再次丈夫撒手人寰而陷入无限绝望中,再次丈夫撒手人寰而陷入无限绝望中,true
25,9,1,李芳痛不欲生,李芳抹着眼泪告诉小溪,false
25,9,2,李芳痛不欲生,2002年,false
25,9,3,李芳痛不欲生,她的儿子逝去了,false
25,9,4,李芳痛不欲生,儿子才17岁,false
25,9,5,李芳痛不欲生,活泼好动,false
25,9,6,李芳痛不欲生,热爱篮球,false
25,9,7,李芳痛不欲生,但是高二体检查出脑瘤,true
25,9,8,李芳痛不欲生,很快就不行了,true
25,9,9,李芳痛不欲生,李芳痛不欲生,false
25,9,10,李芳痛不欲生,捡起一把刀就想割脉自杀,false
26,5,1,再三确认后真的非常非常感动,上上周,false
26,5,2,再三确认后真的非常非常感动,安德烈突然找到我,false
26,5,3,再三确认后真的非常非常感动,说想要在医院举行婚礼,true
26,5,4,再三确认后真的非常非常感动,我先是吓了一跳,false
26,5,5,再三确认后真的非常非常感动,再三确认后真的非常非常感动,false
26,5,6,再三确认后真的非常非常感动,医院的俄语翻译小董说,false
26,5,7,再三确认后真的非常非常感动,很多人可能以为只是举行婚礼,false
26,5,8,再三确认后真的非常非常感动,安慰安慰塔蒂亚娜,false
26,5,9,再三确认后真的非常非常感动,但他们是真的结婚并领了证,false
26,5,10,再三确认后真的非常非常感动,女方已经改了夫姓,false
26,5,11,再三确认后真的非常非常感动,小董称,false
26,5,12,再三确认后真的非常非常感动,消息一传出,false
26,5,13,再三确认后真的非常非常感动,医护人员感动不已,false
26,5,14,再三确认后真的非常非常感动,连医院后勤的工作人员都自发进行捐助,false
27,14,1,看着沟胁千年着急的样子,1952年夏,false
27,14,2,看着沟胁千年着急的样子,她和另7名日籍护士,false
27,14,3,看着沟胁千年着急的样子,从广西南宁军区303医院调到羊楼洞部队疗养所,false
27,14,4,看着沟胁千年着急的样子,羊楼洞地处湘鄂交界之要冲,false
27,14,5,看着沟胁千年着急的样子,就在这里,false
27,14,6,看着沟胁千年着急的样子,沟胁千年和当时患结核病正在此疗养的杜江群结识,false
27,14,7,看着沟胁千年着急的样子,29岁的杜江群是一所学校的政治教员,false
27,14,8,看着沟胁千年着急的样子,曾有过地下党经历,false
27,14,9,看着沟胁千年着急的样子,虽然病重,false
27,14,10,看着沟胁千年着急的样子,却依然乐观,false
27,14,11,看着沟胁千年着急的样子,当时,false
27,14,12,看着沟胁千年着急的样子,不少病员都排斥外籍护士的照料,true
27,14,13,看着沟胁千年着急的样子,态度甚至粗暴,true
27,14,14,看着沟胁千年着急的样子,看着沟胁千年着急的样子,false
27,14,15,看着沟胁千年着急的样子,杜江群站了出来,false
27,14,16,看着沟胁千年着急的样子,说服伤员,false
27,14,17,看着沟胁千年着急的样子,让他安心地接受治疗,false
28,7,1,张崇贞以她的品格赢得了所有人的敬重,不仅是对尹家的3个孩子,false
28,7,2,张崇贞以她的品格赢得了所有人的敬重,在街坊邻居中,false
28,7,3,张崇贞以她的品格赢得了所有人的敬重,张崇贞也有着他人不能及的好名声,false
28,7,4,张崇贞以她的品格赢得了所有人的敬重,任何人家需要帮忙,false
28,7,5,张崇贞以她的品格赢得了所有人的敬重,她总是一口答应,false
28,7,6,张崇贞以她的品格赢得了所有人的敬重,几十年里,false
28,7,7,张崇贞以她的品格赢得了所有人的敬重,张崇贞以她的品格赢得了所有人的敬重,true
28,7,8,张崇贞以她的品格赢得了所有人的敬重,尹春丽的母亲也早已将这位比她年长三十来岁的保姆,false
28,7,9,张崇贞以她的品格赢得了所有人的敬重,视为自己的亲生母亲,false
28,7,10,张崇贞以她的品格赢得了所有人的敬重,我妈妈后来将所有的钱都放在奶奶那里,false
28,7,11,张崇贞以她的品格赢得了所有人的敬重,她当家,false
28,7,12,张崇贞以她的品格赢得了所有人的敬重,她才是我们家的最高权威,false
29,18,1,不仅是悲伤也有欣慰,2010年,false
29,18,2,不仅是悲伤也有欣慰,母亲去世,false
29,18,3,不仅是悲伤也有欣慰,尹家的3个孩子将母亲和奶奶正式合葬,false
29,18,4,不仅是悲伤也有欣慰,墓碑后,false
29,18,5,不仅是悲伤也有欣慰,刻着这么一行字,false
29,18,6,不仅是悲伤也有欣慰,先恩祖慈张崇贞,false
29,18,7,不仅是悲伤也有欣慰,与先恩萍水相逢,false
29,18,8,不仅是悲伤也有欣慰,半生相伴,false
29,18,9,不仅是悲伤也有欣慰,同甘苦共患难,false
29,18,10,不仅是悲伤也有欣慰,恩比天高,false
29,18,11,不仅是悲伤也有欣慰,情同水长,false
29,18,12,不仅是悲伤也有欣慰,合葬时的景象,false
29,18,13,不仅是悲伤也有欣慰,尹春丽记忆犹新,false
29,18,14,不仅是悲伤也有欣慰,两人骨灰葬下去的一瞬间,false
29,18,15,不仅是悲伤也有欣慰,我似乎回到了过往,false
29,18,16,不仅是悲伤也有欣慰,看到她们并肩扛起这个家的情景,true
29,18,17,不仅是悲伤也有欣慰,我很想流泪,false
29,18,18,不仅是悲伤也有欣慰,不仅是悲伤也有欣慰,false
30,8,1,朱洪生很是自豪,朱洪生今年55岁,false
30,8,2,朱洪生很是自豪,1979年参加工作时才19岁,false
30,8,3,朱洪生很是自豪,已有36年的手艺,false
30,8,4,朱洪生很是自豪,我当时被分到丹阳南京理发店工作,false
30,8,5,朱洪生很是自豪,这是当时丹阳最大的理发店,false
30,8,6,朱洪生很是自豪,我在那儿获得了好多证书和荣誉,false
30,8,7,朱洪生很是自豪,说起自己工作过的地方和自己的荣誉,true
30,8,8,朱洪生很是自豪,朱洪生很是自豪,false
31,1,1,让朱洪生感动的是,让朱洪生感动的是,false
31,1,2,让朱洪生感动的是,有些客人他收费宜都为他着想,true
31,1,3,让朱洪生感动的是,剪完头发就走了也不洗,false
31,1,4,让朱洪生感动的是,就为能帮他省点水电费,false
31,1,5,让朱洪生感动的是,回家反正洗澡,false
31,1,6,让朱洪生感动的是,收费这么宜,false
31,1,7,让朱洪生感动的是,就不麻烦他洗头了,false
31,1,8,让朱洪生感动的是,昨天理完发后站起身来就付钱的史阿姨笑着说,false
31,1,9,让朱洪生感动的是,我这里的客人都蛮好的,false
31,1,10,让朱洪生感动的是,有的并不是价格低才来的,false
31,1,11,让朱洪生感动的是,他们认可我了,false
31,1,12,让朱洪生感动的是,朱洪生告诉记者,false
31,1,13,让朱洪生感动的是,有的老邻居搬家去别的地方,false
31,1,14,让朱洪生感动的是,但是理发还是找他,false
32,4,1,让郭惠英感动的是,经抢救,false
32,4,2,让郭惠英感动的是,两个孩子和周先生先后苏醒脱离了危险,false
32,4,3,让郭惠英感动的是,但郭惠英一直抢救到第二天凌晨才苏醒,false
32,4,4,让郭惠英感动的是,让郭惠英感动的是,false
32,4,5,让郭惠英感动的是,她醒来时,false
32,4,6,让郭惠英感动的是,还有一位民警守在身边,true
33,5,1,郭惠英17年来的这份举动让大家很感动,保护人民生命财产安全,false
33,5,2,郭惠英17年来的这份举动让大家很感动,本身就是我们警察的责任,false
33,5,3,郭惠英17年来的这份举动让大家很感动,是我们理所应当做的事情,false
33,5,4,郭惠英17年来的这份举动让大家很感动,毛大队长说,false
33,5,5,郭惠英17年来的这份举动让大家很感动,郭惠英17年来的这份举动让大家很感动,true
33,5,6,郭惠英17年来的这份举动让大家很感动,更感到自身责任重大,false
33,5,7,郭惠英17年来的这份举动让大家很感动,使命光荣,false
34,2,1,我很感动,不是自己的儿子老程还能这样,true
34,2,2,我很感动,我很感动,false
34,2,3,我很感动,俺既然是老乡,false
34,2,4,我很感动,就得帮他,false
34,2,5,我很感动,朱俊钦说,false
34,2,6,我很感动,他的加入让程相前轻松了不少,false
34,2,7,我很感动,如今给宋文山洗澡,false
34,2,8,我很感动,都是两人一起架着他洗,false
35,8,1,刘名书看到母亲的照片很激动,老人说,false
35,8,2,刘名书看到母亲的照片很激动,58年来自己也一直想寻找女儿刘名书,false
35,8,3,刘名书看到母亲的照片很激动,但失散时她连女儿的名字都不知道,false
35,8,4,刘名书看到母亲的照片很激动,更谈不上寻找,false
35,8,5,刘名书看到母亲的照片很激动,目前,false
35,8,6,刘名书看到母亲的照片很激动,雷红路和小姨通过微信,false
35,8,7,刘名书看到母亲的照片很激动,交换了外婆和母亲的照片,false
35,8,8,刘名书看到母亲的照片很激动,刘名书看到母亲的照片很激动,true
35,8,9,刘名书看到母亲的照片很激动,她说这事我跟丈夫说过,false
35,8,10,刘名书看到母亲的照片很激动,跟大儿子说过,false
35,8,11,刘名书看到母亲的照片很激动,结果小儿子帮我找到了母亲,false
35,8,12,刘名书看到母亲的照片很激动,她也让儿子雷红路向陈警官表示感谢,false
36,6,1,心里还是挺高兴的,谈到成名所带来的变化时,false
36,6,2,心里还是挺高兴的,余秀华说收入的增多是的,false
36,6,3,心里还是挺高兴的,之前对出名没有期待,false
36,6,4,心里还是挺高兴的,但它真的来了,false
36,6,5,心里还是挺高兴的,而且让生活过得更好,true
36,6,6,心里还是挺高兴的,心里还是挺高兴的,false
36,6,7,心里还是挺高兴的,但这在村里没有太大影响,false
36,6,8,心里还是挺高兴的,老乡还是把我看成余秀华,false
36,6,9,心里还是挺高兴的,没有把我看成是怪物,false
37,6,1,感动了无数人,为国教子,false
37,6,2,感动了无数人,以德育人,false
37,6,3,感动了无数人,盲人夫妇演绎现实版孟母三迁,true
37,6,4,感动了无数人,为孩子成长创造环境的事,false
37,6,5,感动了无数人,在蛟河市传开后,false
37,6,6,感动了无数人,感动了无数人,false
37,6,7,感动了无数人,庄保清也获得了吉林省十佳好家长全国传承好家风好妈好爸等荣誉称号,false
38,3,1,感觉天都要塌了,34岁的王志刚在去年四月被检查出患有慢性肾衰竭,false
38,3,2,感觉天都要塌了,这一检测结果打破了原本幸福的三口之家,false
38,3,3,感觉天都要塌了,感觉天都要塌了,false
38,3,4,感觉天都要塌了,徐萍这样来形容得知丈夫患病时的感受,false
38,3,5,感觉天都要塌了,丈夫是她和两岁孩子的支柱,true
39,4,1,他十分感动,她身体就不好,false
39,4,2,他十分感动,娃娃也要人照顾,false
39,4,3,他十分感动,张志刚得知妻子要捐肾给自己时,true
39,4,4,他十分感动,他十分感动,false
39,4,5,他十分感动,同时也非常担心,false
39,4,6,他十分感动,好在17日夫妻俩在四川大学华西医院的手术非常顺利,false
39,5,1,同时也非常担心,她身体就不好,false
39,5,2,同时也非常担心,娃娃也要人照顾,false
39,5,3,同时也非常担心,张志刚得知妻子要捐肾给自己时,true
39,5,4,同时也非常担心,他十分感动,false
39,5,5,同时也非常担心,同时也非常担心,false
39,5,6,同时也非常担心,好在17日夫妻俩在四川大学华西医院的手术非常顺利,false
41,13,1,当时我娘我嫂子都哭昏过去了,翟金华介绍,false
41,13,2,当时我娘我嫂子都哭昏过去了,哥哥当兵走的时候还是解放前,false
41,13,3,当时我娘我嫂子都哭昏过去了,那时自己才15岁,false
41,13,4,当时我娘我嫂子都哭昏过去了,不懂事,false
41,13,5,当时我娘我嫂子都哭昏过去了,再加上时间过去很久了,false
41,13,6,当时我娘我嫂子都哭昏过去了,很多事情自己都记不得了,false
41,13,7,当时我娘我嫂子都哭昏过去了,我只记得他走后不久我奶奶还骑着小毛驴,false
41,13,8,当时我娘我嫂子都哭昏过去了,带着我去他参军后暂时驻扎的村庄看他,false
41,13,9,当时我娘我嫂子都哭昏过去了,后来就再也没有音讯了,false
41,13,10,当时我娘我嫂子都哭昏过去了,直到1952年,false
41,13,11,当时我娘我嫂子都哭昏过去了,民政部门送到家里一个烈士证,false
41,13,12,当时我娘我嫂子都哭昏过去了,说我哥死在朝鲜了,true
41,13,13,当时我娘我嫂子都哭昏过去了,当时我娘我嫂子都哭昏过去了,false
42,5,1,真的是皆大欢喜,中国人自古有落叶归根的传统,false
42,5,2,真的是皆大欢喜,63年来,false
42,5,3,真的是皆大欢喜,我日夜都想有朝一日能找到父亲的安葬地,false
42,5,4,真的是皆大欢喜,如果能和父亲团聚,true
42,5,5,真的是皆大欢喜,真的是皆大欢喜,false
42,5,6,真的是皆大欢喜,同时,false
42,5,7,真的是皆大欢喜,记者与周玉玺烈士的孙女周女士取得了联系,false
42,5,8,真的是皆大欢喜,周女士说,false
42,5,9,真的是皆大欢喜,自己的父亲今年已经65岁高龄了,false
42,5,10,真的是皆大欢喜,一直心心念念牵挂着爷爷的去向,false
42,5,11,真的是皆大欢喜,总是让自己去打听,false
42,5,12,真的是皆大欢喜,见到本报刊发的为烈士找寻亲人的报道,false
42,5,13,真的是皆大欢喜,自己和父亲都激动不已,false
42,13,1,自己和父亲都激动不已,中国人自古有落叶归根的传统,false
42,13,2,自己和父亲都激动不已,63年来,false
42,13,3,自己和父亲都激动不已,我日夜都想有朝一日能找到父亲的安葬地,false
42,13,4,自己和父亲都激动不已,如果能和父亲团聚,false
42,13,5,自己和父亲都激动不已,真的是皆大欢喜,false
42,13,6,自己和父亲都激动不已,同时,false
42,13,7,自己和父亲都激动不已,记者与周玉玺烈士的孙女周女士取得了联系,false
42,13,8,自己和父亲都激动不已,周女士说,false
42,13,9,自己和父亲都激动不已,自己的父亲今年已经65岁高龄了,false
42,13,10,自己和父亲都激动不已,一直心心念念牵挂着爷爷的去向,false
42,13,11,自己和父亲都激动不已,总是让自己去打听,false
42,13,12,自己和父亲都激动不已,见到本报刊发的为烈士找寻亲人的报道,true
42,13,13,自己和父亲都激动不已,自己和父亲都激动不已,false
44,5,1,真是太幸运了,记者16日从第三军医大学新桥医院获悉,false
44,5,2,真是太幸运了,尿毒症患者程霞冒死产下一名5斤重健康男婴,false
44,5,3,真是太幸运了,我这条命都是妈妈给的,false
44,5,4,真是太幸运了,现在我也有了宝宝,true
44,5,5,真是太幸运了,真是太幸运了,false
44,5,6,真是太幸运了,还要感谢所有帮助过我的人,false
44,5,7,真是太幸运了,还躺在病床上的程霞,false
44,5,8,真是太幸运了,以微弱的声音说到,false
44,6,1,还要感谢所有帮助过我的人,记者16日从第三军医大学新桥医院获悉,false
44,6,2,还要感谢所有帮助过我的人,尿毒症患者程霞冒死产下一名5斤重健康男婴,false
44,6,3,还要感谢所有帮助过我的人,我这条命都是妈妈给的,false
44,6,4,还要感谢所有帮助过我的人,现在我也有了宝宝,false
44,6,5,还要感谢所有帮助过我的人,真是太幸运了,false
44,6,6,还要感谢所有帮助过我的人,还要感谢所有帮助过我的人,true
44,6,7,还要感谢所有帮助过我的人,还躺在病床上的程霞,false
44,6,8,还要感谢所有帮助过我的人,以微弱的声音说到,false
46,12,1,她气到想勒死他,据台湾中央社16日报道,false
46,12,2,她气到想勒死他,日本男性2月14日情人节通常会收到巧克力和其他礼物,false
46,12,3,她气到想勒死他,而他们3月14日白色情人节当天必须回送礼物给另一半,false
46,12,4,她气到想勒死他,西山美惠31岁的丈夫一脚将她踢开后,false
46,12,5,她气到想勒死他,她疑似企图用领带掐死他,false
46,12,6,她气到想勒死他,老公午夜时分打电话报警,false
46,12,7,她气到想勒死他,西山美惠随后在日本西部堺市家中被捕,false
46,12,8,她气到想勒死他,并向警方表示,false
46,12,9,她气到想勒死他,她怀疑老公有外遇,false
46,12,10,她气到想勒死他,西山告诉警方,false
46,12,11,她气到想勒死他,老公情人节没有回送礼物,true
46,12,12,她气到想勒死他,她气到想勒死他,false
47,4,1,我和她妈着急啊,闺女是高中教师,false
47,4,2,我和她妈着急啊,现在带着高三毕业班,false
47,4,3,我和她妈着急啊,工作忙也顾不上自己的事,true
47,4,4,我和她妈着急啊,我和她妈着急啊,false
47,4,5,我和她妈着急啊,就趁有活动来替她看看,false
47,4,6,我和她妈着急啊,在相亲活动现场,false
47,4,7,我和她妈着急啊,老年人的数量基本上和年轻人相当,false
47,4,8,我和她妈着急啊,他们都是来替孩子打头阵的,false
48,6,1,父母着急主动请缨,记者调查发现,false
48,6,2,父母着急主动请缨,本该是年轻人自己做主的相亲大会,false
48,6,3,父母着急主动请缨,反而是爹妈唱了主角,false
48,6,4,父母着急主动请缨,要么是儿女排斥相亲,true
48,6,5,父母着急主动请缨,不愿来现场,true
48,6,6,父母着急主动请缨,父母着急主动请缨,false
48,6,7,父母着急主动请缨,要么就是父母不放心,false
48,6,8,父母着急主动请缨,替孩子来把关货比三家,false
49,5,1,年轻时的情感创伤让黄女士心有余悸,经过一段时间的交往,false
49,5,2,年轻时的情感创伤让黄女士心有余悸,他们都感觉非常有缘,false
49,5,3,年轻时的情感创伤让黄女士心有余悸,经过几个月的地下恋情,false
49,5,4,年轻时的情感创伤让黄女士心有余悸,徐某信誓旦旦地表示愿意娶黄女士为妻,false
49,5,5,年轻时的情感创伤让黄女士心有余悸,年轻时的情感创伤让黄女士心有余悸,true
49,5,6,年轻时的情感创伤让黄女士心有余悸,她并没有接受徐某的求婚,false
49,5,7,年轻时的情感创伤让黄女士心有余悸,之后两人继续以姐弟相称,false
50,5,1,黄女士无奈之下向法院提起诉讼,事业有成的黄女士与小20岁的小伙结婚,false
50,5,2,黄女士无奈之下向法院提起诉讼,为避免人财两空,false
50,5,3,黄女士无奈之下向法院提起诉讼,两人在婚前进行了财产公证,false
50,5,4,黄女士无奈之下向法院提起诉讼,怎知婚后小伙两次拿走黄女士钱财,true
50,5,5,黄女士无奈之下向法院提起诉讼,黄女士无奈之下向法院提起诉讼,false
51,6,1,黄女士无奈之下向公安机关报了案,2014年11月,false
51,6,2,黄女士无奈之下向公安机关报了案,徐某趁黄女士不在家,false
51,6,3,黄女士无奈之下向公安机关报了案,将她准备还房贷的12万元现金拿走,false
51,6,4,黄女士无奈之下向公安机关报了案,待黄女士发现后虽联系上了徐某,false
51,6,5,黄女士无奈之下向公安机关报了案,但他却拒绝归还这笔现金,true
51,6,6,黄女士无奈之下向公安机关报了案,黄女士无奈之下向公安机关报了案,false
51,6,7,黄女士无奈之下向公安机关报了案,徐某迫于压力,false
51,6,8,黄女士无奈之下向公安机关报了案,将其中的10万元通过银行汇款还给了黄女士,false
51,6,9,黄女士无奈之下向公安机关报了案,然而对剩余的2万元却迟迟不予归还,false
51,6,10,黄女士无奈之下向公安机关报了案,并且把黄女士的电话号码拖进了黑名单,false
52,3,1,害怕被现男友知道,女子未婚先孕,false
52,3,2,害怕被现男友知道,在厕所里产下前男友孩子后,false
52,3,3,害怕被现男友知道,害怕被现男友知道,true
52,3,4,害怕被现男友知道,居然用塑料带勒住孩子脖子,false
52,3,5,害怕被现男友知道,使其窒息而死,false
52,3,6,害怕被现男友知道,事后竟又回到寝室睡觉,false
53,8,1,过度惊慌且害怕婴儿的啼哭声被宿舍同学听到,2014年12月21日晚上11点,false
53,8,2,过度惊慌且害怕婴儿的啼哭声被宿舍同学听到,方某感觉肚子很疼就去了厕所,false
53,8,3,过度惊慌且害怕婴儿的啼哭声被宿舍同学听到,结果产下一男婴,false
53,8,4,过度惊慌且害怕婴儿的啼哭声被宿舍同学听到,方某忙用手把孩子的脐带扯断,false
53,8,5,过度惊慌且害怕婴儿的啼哭声被宿舍同学听到,然后给王明打电话,false
53,8,6,过度惊慌且害怕婴儿的啼哭声被宿舍同学听到,其电话被王明拉黑,false
53,8,7,过度惊慌且害怕婴儿的啼哭声被宿舍同学听到,久打不通,false
53,8,8,过度惊慌且害怕婴儿的啼哭声被宿舍同学听到,过度惊慌且害怕婴儿的啼哭声被宿舍同学听到,true
53,8,9,过度惊慌且害怕婴儿的啼哭声被宿舍同学听到,方某随手捡过一个黑色塑料袋,false
53,8,10,过度惊慌且害怕婴儿的啼哭声被宿舍同学听到,将其扭成条状,false
53,8,11,过度惊慌且害怕婴儿的啼哭声被宿舍同学听到,缠绕在男婴的脖子上,false
53,8,12,过度惊慌且害怕婴儿的啼哭声被宿舍同学听到,使其窒息而死,false
53,8,13,过度惊慌且害怕婴儿的啼哭声被宿舍同学听到,并将其尸体用黑色塑料袋包了五六层,false
53,8,14,过度惊慌且害怕婴儿的啼哭声被宿舍同学听到,放入自己床底的行李箱中,false
53,8,15,过度惊慌且害怕婴儿的啼哭声被宿舍同学听到,上面以衣服遮盖,false
54,8,1,事后又追悔莫及,方某出于无知和害怕,false
54,8,2,事后又追悔莫及,知道怀孕后并没有进行相应孕检,false
54,8,3,事后又追悔莫及,也没有为婴儿降生做相应的准备,false
54,8,4,事后又追悔莫及,突然产子后,false
54,8,5,事后又追悔莫及,怕被人发现,false
54,8,6,事后又追悔莫及,为了保住脸面,false
54,8,7,事后又追悔莫及,情急之下不择手段,true
54,8,8,事后又追悔莫及,事后又追悔莫及,false
54,5,1,怕被人发现,方某出于无知和害怕,false
54,5,2,怕被人发现,知道怀孕后并没有进行相应孕检,false
54,5,3,怕被人发现,也没有为婴儿降生做相应的准备,false
54,5,4,怕被人发现,突然产子后,false
54,5,5,怕被人发现,怕被人发现,true
54,5,6,怕被人发现,为了保住脸面,false
54,5,7,怕被人发现,情急之下不择手段,false
54,5,8,怕被人发现,事后又追悔莫及,false
56,2,1,无奈的她没有太多怨言,陈某得知丈夫婚外同居后,true
56,2,2,无奈的她没有太多怨言,无奈的她没有太多怨言,false
56,2,3,无奈的她没有太多怨言,只要求叶某每月及时支付保姆费和生活费,false
56,2,4,无奈的她没有太多怨言,直至去年4月份,false
56,2,5,无奈的她没有太多怨言,瘫痪在床的陈某灰心丧气服农药自杀了,false
57,12,1,她在无奈之下提出了协议离婚,当时家里的大事小事都是婆婆当家做主,false
57,12,2,她在无奈之下提出了协议离婚,侯爱红说,false
57,12,3,她在无奈之下提出了协议离婚,虽然夫妻俩的感情一直很好,false
57,12,4,她在无奈之下提出了协议离婚,但婆媳问题却日渐严重,false
57,12,5,她在无奈之下提出了协议离婚,夹在中间为难的郭永奎,false
57,12,6,她在无奈之下提出了协议离婚,爱上了喝酒,false
57,12,7,她在无奈之下提出了协议离婚,对家里的事不管不顾,false
57,12,8,她在无奈之下提出了协议离婚,家中所有的担子,false
57,12,9,她在无奈之下提出了协议离婚,几乎落在了侯爱红一个人身上,false
57,12,10,她在无奈之下提出了协议离婚,面对日益找茬的婆婆和经常醉酒的丈夫,true
57,12,11,她在无奈之下提出了协议离婚,侯爱红说,false
57,12,12,她在无奈之下提出了协议离婚,她在无奈之下提出了协议离婚,false
58,11,1,让他经常感到绝望压抑,郭永奎离婚后,false
58,11,2,让他经常感到绝望压抑,在父母的安排下,false
58,11,3,让他经常感到绝望压抑,谈过3个女朋友,false
58,11,4,让他经常感到绝望压抑,但都没有结果,false
58,11,5,让他经常感到绝望压抑,她们都觉得,false
58,11,6,让他经常感到绝望压抑,郭永奎心里一直没有忘记前妻,false
58,11,7,让他经常感到绝望压抑,郭永奎先后送走了逝去的父母,false
58,11,8,让他经常感到绝望压抑,为了生计辗转多地打工,false
58,11,9,让他经常感到绝望压抑,父母的离世,true
58,11,10,让他经常感到绝望压抑,对前妻和孩子的思念,true
58,11,11,让他经常感到绝望压抑,让他经常感到绝望压抑,false
59,2,1,成了漯河市民的喜悦中,我当时还沉浸在买了新房,true
59,2,2,成了漯河市民的喜悦中,成了漯河市民的喜悦中,true
59,2,3,成了漯河市民的喜悦中,感觉终于可以松一口气,false
59,2,4,成了漯河市民的喜悦中,停下脚步歇一歇了,false
59,2,5,成了漯河市民的喜悦中,侯爱红告诉记者,false
59,2,6,成了漯河市民的喜悦中,这时她突然接到郭永奎朋友的电话,false
59,2,7,成了漯河市民的喜悦中,说郭永奎在济南得了脑溢血,false
59,2,8,成了漯河市民的喜悦中,现在昏迷住在济南一家医院,false
60,3,1,我还是挺心疼的,虽然已经离婚十年了,false
60,3,2,我还是挺心疼的,但是看着他躺在医院不能动,true
60,3,3,我还是挺心疼的,我还是挺心疼的,false
60,3,4,我还是挺心疼的,在一起的那些年,false
60,3,5,我还是挺心疼的,他对我挺好的,false
60,3,6,我还是挺心疼的,我们之间也没有什么大的矛盾,false
60,3,7,我还是挺心疼的,在济南陪他治病那段时间,false
60,3,8,我还是挺心疼的,我想了很多,false
60,3,9,我还是挺心疼的,虽然已经离婚了,false
60,3,10,我还是挺心疼的,但他毕竟是孩子的亲爹,false
60,3,11,我还是挺心疼的,为了孩子,false
60,3,12,我还是挺心疼的,我也不能不管他,false
60,3,13,我还是挺心疼的,侯爱红说,false
61,6,1,自觉愧疚的丈夫刘军不停地道歉希望能够挽留李梅,婚后第2个月,false
61,6,2,自觉愧疚的丈夫刘军不停地道歉希望能够挽留李梅,李梅怀孕了,false
61,6,3,自觉愧疚的丈夫刘军不停地道歉希望能够挽留李梅,但仅3个月后,false
61,6,4,自觉愧疚的丈夫刘军不停地道歉希望能够挽留李梅,李梅却发现丈夫刘军有外遇,true
61,6,5,自觉愧疚的丈夫刘军不停地道歉希望能够挽留李梅,并且这个潜伏已久的第三者也已怀孕,true
61,6,6,自觉愧疚的丈夫刘军不停地道歉希望能够挽留李梅,自觉愧疚的丈夫刘军不停地道歉希望能够挽留李梅,false
61,6,7,自觉愧疚的丈夫刘军不停地道歉希望能够挽留李梅,他还写了份保证书,false
61,6,8,自觉愧疚的丈夫刘军不停地道歉希望能够挽留李梅,保证以后不再联系第三者,false
61,6,9,自觉愧疚的丈夫刘军不停地道歉希望能够挽留李梅,如果做不到,false
61,6,10,自觉愧疚的丈夫刘军不停地道歉希望能够挽留李梅,净身出户,false
61,6,11,自觉愧疚的丈夫刘军不停地道歉希望能够挽留李梅,房子留给李梅和孩子,false
62,4,1,却让剩男剩女们心有余悸,春节假期已经结束,false
62,4,2,却让剩男剩女们心有余悸,上班族开启了上班模式,false
62,4,3,却让剩男剩女们心有余悸,但春节期间的那场战争——相亲,true
62,4,4,却让剩男剩女们心有余悸,却让剩男剩女们心有余悸,false
63,4,1,吐槽自己成为被催婚族的苦恼和无奈,3月5日,false
63,4,2,吐槽自己成为被催婚族的苦恼和无奈,有网友在红网论坛以常德一美女写保证书要嫁出去不然就睡马路为题,false
63,4,3,吐槽自己成为被催婚族的苦恼和无奈,晒出了一张保证书,false
63,4,4,吐槽自己成为被催婚族的苦恼和无奈,吐槽自己成为被催婚族的苦恼和无奈,true
64,6,1,我确实很着急,相比于小徐的淡定,false
64,6,2,我确实很着急,小徐的妈妈就坐不住了,false
64,6,3,我确实很着急,她周围的同学朋友同事,false
64,6,4,我确实很着急,都陆陆续续结婚了,false
64,6,5,我确实很着急,她连个男朋友都没谈过,true
64,6,6,我确实很着急,我确实很着急,false
64,6,7,我确实很着急,我也知道这个保证书没什么实质性作用,false
64,6,8,我确实很着急,就是图个心安,false
65,3,1,王女士很开心,昨天,false
65,3,2,王女士很开心,得知有很多热心人都愿意帮助她完成心愿,true
65,3,3,王女士很开心,王女士很开心,false
65,3,4,王女士很开心,无论什么结果我都能接受,false
65,3,5,王女士很开心,当然也期待能有一个好结果,false
65,3,6,王女士很开心,感谢这些热心人和媒体,false
66,7,1,王女士非常激动,昨晚11时48分,false
66,7,2,王女士非常激动,王女士给记者回过来电话表示,false
66,7,3,王女士非常激动,外出办事,false
66,7,4,王女士非常激动,手机没电了,false
66,7,5,王女士非常激动,没想到错过了记者那么多电话,false
66,7,6,王女士非常激动,当得知心仪男子已找到,true
66,7,7,王女士非常激动,王女士非常激动,false
66,7,8,王女士非常激动,真的啊,false
66,7,9,王女士非常激动,这么快,false
66,7,10,王女士非常激动,随后当记者告诉她,false
66,7,11,王女士非常激动,这名男子已婚的消息后,false
66,7,12,王女士非常激动,电话那头的王女士沉默的几秒钟后表示这样啊,false
66,7,13,王女士非常激动,那就没有见面的必要了,false
66,7,14,王女士非常激动,也没什么遗憾了,false
66,7,15,王女士非常激动,至少我努力了,false
66,7,16,王女士非常激动,做了一件感动自己的事情,false
66,7,17,王女士非常激动,当得知对方快要当爸爸的消息后,false
66,7,18,王女士非常激动,王女士连连说了几句祝福他,false
66,7,19,王女士非常激动,并表示这件事就这么过去了,false
66,7,20,王女士非常激动,她会继续寻找属于自己的幸福,false
67,8,1,徐永芬仍忍不住哽咽,亲戚朋友我都借了,false
67,8,2,徐永芬仍忍不住哽咽,终于凑到钱做了手术,false
67,8,3,徐永芬仍忍不住哽咽,但我们再也承担不了昂贵的医药费,false
67,8,4,徐永芬仍忍不住哽咽,术后第二天他就出院,false
67,8,5,徐永芬仍忍不住哽咽,就连术后拆线,false
67,8,6,徐永芬仍忍不住哽咽,都是他对着镜子拆的,false
67,8,7,徐永芬仍忍不住哽咽,回忆起最难的日子,true
67,8,8,徐永芬仍忍不住哽咽,徐永芬仍忍不住哽咽,false
68,2,1,刘淑梅就很焦虑,每当在新闻上看到血库告急的消息,true
68,2,2,刘淑梅就很焦虑,刘淑梅就很焦虑,false
68,2,3,刘淑梅就很焦虑,她希望能有更多的人加入义务献血的队伍,false
68,2,4,刘淑梅就很焦虑,给紧急患者扩宽生命道路,false
68,2,5,刘淑梅就很焦虑,但是献血是自愿的事,false
68,2,6,刘淑梅就很焦虑,在刘淑梅看来,false
68,2,7,刘淑梅就很焦虑,自己十几年的献血经历是义务而非张扬的资本,false
68,2,8,刘淑梅就很焦虑,她希望自己的坚持能稍稍缓解一下血库的存血不足情况,false
69,4,1,曾经刘淑梅一直为献血年龄限定在55岁而苦恼,刘淑梅乐呵呵地告诉记者,false
69,4,2,曾经刘淑梅一直为献血年龄限定在55岁而苦恼,她和她的家人都很健康,false
69,4,3,曾经刘淑梅一直为献血年龄限定在55岁而苦恼,可以持续献血为社会做贡献,false
69,4,4,曾经刘淑梅一直为献血年龄限定在55岁而苦恼,曾经刘淑梅一直为献血年龄限定在55岁而苦恼,true
69,4,5,曾经刘淑梅一直为献血年龄限定在55岁而苦恼,我现在献血都成习惯了,false
69,4,6,曾经刘淑梅一直为献血年龄限定在55岁而苦恼,要是年龄到了不能继续献血我就会非常失落,false
69,4,7,曾经刘淑梅一直为献血年龄限定在55岁而苦恼,后来血站工作人员告诉我,false
69,4,8,曾经刘淑梅一直为献血年龄限定在55岁而苦恼,献血年龄现在放宽到60岁,false
69,4,9,曾经刘淑梅一直为献血年龄限定在55岁而苦恼,我还可以继续献血,false
69,4,10,曾经刘淑梅一直为献血年龄限定在55岁而苦恼,一直到我六十岁那一天,false
69,4,11,曾经刘淑梅一直为献血年龄限定在55岁而苦恼,到我的身体不允许我献血的那一天,false
69,6,1,要是年龄到了不能继续献血我就会非常失落,刘淑梅乐呵呵地告诉记者,false
69,6,2,要是年龄到了不能继续献血我就会非常失落,她和她的家人都很健康,false
69,6,3,要是年龄到了不能继续献血我就会非常失落,可以持续献血为社会做贡献,false
69,6,4,要是年龄到了不能继续献血我就会非常失落,曾经刘淑梅一直为献血年龄限定在55岁而苦恼,false
69,6,5,要是年龄到了不能继续献血我就会非常失落,我现在献血都成习惯了,false
69,6,6,要是年龄到了不能继续献血我就会非常失落,要是年龄到了不能继续献血我就会非常失落,true
69,6,7,要是年龄到了不能继续献血我就会非常失落,后来血站工作人员告诉我,false
69,6,8,要是年龄到了不能继续献血我就会非常失落,献血年龄现在放宽到60岁,false
69,6,9,要是年龄到了不能继续献血我就会非常失落,我还可以继续献血,false
69,6,10,要是年龄到了不能继续献血我就会非常失落,一直到我六十岁那一天,false
69,6,11,要是年龄到了不能继续献血我就会非常失落,到我的身体不允许我献血的那一天,false
71,2,1,他发现一个小孩漫无目的的边哭边走,去年庙会上,false
71,2,2,他发现一个小孩漫无目的的边哭边走,他发现一个小孩漫无目的的边哭边走,false
71,2,3,他发现一个小孩漫无目的的边哭边走,旁边没有大人陪伴,false
71,2,4,他发现一个小孩漫无目的的边哭边走,于是赶紧上前询问,false
71,2,5,他发现一个小孩漫无目的的边哭边走,果然,false
71,2,6,他发现一个小孩漫无目的的边哭边走,一问得知孩子跟家人走散了,true
71,2,7,他发现一个小孩漫无目的的边哭边走,他马上蹲下身子哄孩子,false
71,2,8,他发现一个小孩漫无目的的边哭边走,将其带到执法车上吃东西喝水,false
71,2,9,他发现一个小孩漫无目的的边哭边走,休息取暖,false
71,2,10,他发现一个小孩漫无目的的边哭边走,问清楚父母姓名后,false
71,2,11,他发现一个小孩漫无目的的边哭边走,随即打电话给地坛庙会指挥部,false
71,2,12,他发现一个小孩漫无目的的边哭边走,广播寻找孩子家长,false
71,2,13,他发现一个小孩漫无目的的边哭边走,再通知公安部门帮助寻找,false
71,2,14,他发现一个小孩漫无目的的边哭边走,最后,false
71,2,15,他发现一个小孩漫无目的的边哭边走,终于帮孩子找到了母亲,false
72,7,1,心里总会很愧疚,大年三十晚上我都会给家里打个电话,false
72,7,2,心里总会很愧疚,给父母拜个年,false
72,7,3,心里总会很愧疚,孩子上小学一年级,false
72,7,4,心里总会很愧疚,看着别的家长带着孩子来地坛庙会,false
72,7,5,心里总会很愧疚,我却不能陪孩子过年,true
72,7,6,心里总会很愧疚,再想想父母的年纪也越来越大了,true
72,7,7,心里总会很愧疚,心里总会很愧疚,false
72,7,8,心里总会很愧疚,寇文军家里有两位老人,false
72,7,9,心里总会很愧疚,春节前夕都刚做完手术,false
72,7,10,心里总会很愧疚,现在正是最需要照顾的时候,false
72,7,11,心里总会很愧疚,可队里太忙,false
72,7,12,心里总会很愧疚,实在顾不上回家,false
72,7,13,心里总会很愧疚,他只好将照顾老人和孩子的重任,false
72,7,14,心里总会很愧疚,都交给了老婆,false
73,2,1,北京儿童医院的病房里都会传出阵阵笑声,每逢周三,false
73,2,2,北京儿童医院的病房里都会传出阵阵笑声,北京儿童医院的病房里都会传出阵阵笑声,false
73,2,3,北京儿童医院的病房里都会传出阵阵笑声,不用说,false
73,2,4,北京儿童医院的病房里都会传出阵阵笑声,肯定是小丑叔叔又来了,true
73,2,5,北京儿童医院的病房里都会传出阵阵笑声,提到刘进军的名字,false
73,2,6,北京儿童医院的病房里都会传出阵阵笑声,小病友们都不知,false
73,2,7,北京儿童医院的病房里都会传出阵阵笑声,但一说小丑叔叔几乎无人不知,false
73,2,8,北京儿童医院的病房里都会传出阵阵笑声,这位藏在浓墨重彩后的七旬老人,false
73,2,9,北京儿童医院的病房里都会传出阵阵笑声,总能用魔术和气球让患儿暂时忘掉病痛,false
74,3,1,让大家都衷敬佩,北京儿童医院护理部的一位护士告诉记者,false
74,3,2,让大家都衷敬佩,老人十多年坚持义务表演的行为,true
74,3,3,让大家都衷敬佩,让大家都衷敬佩,false
74,3,4,让大家都衷敬佩,每周都雷打不动地来,false
74,3,5,让大家都衷敬佩,从不缺勤迟到,false
75,3,1,那天是一个大喜的日子,一群爱心志愿者簇拥着李世铭夫妇和他们两岁的儿子李沐羿鑫兴高采烈地走进家门,false
75,3,2,那天是一个大喜的日子,对于李世铭一家来说,false
75,3,3,那天是一个大喜的日子,那天是一个大喜的日子,false
75,3,4,那天是一个大喜的日子,被拐骗45天的儿子在那天终于回家了,true
76,6,1,这个春节将是多么幸福,李世铭紧紧地抱着儿子,false
76,6,2,这个春节将是多么幸福,一刻也不愿放开,false
76,6,3,这个春节将是多么幸福,45天,false
76,6,4,这个春节将是多么幸福,对于失去儿子的他们是多么的漫长,false
76,6,5,这个春节将是多么幸福,宝贝回家了,true
76,6,6,这个春节将是多么幸福,这个春节将是多么幸福,false
77,3,1,孩子的出生给一家人带来了无尽的喜悦和欢乐,2012年9月,false
77,3,2,孩子的出生给一家人带来了无尽的喜悦和欢乐,他们的儿子李沐羿鑫出生,false
77,3,3,孩子的出生给一家人带来了无尽的喜悦和欢乐,孩子的出生给一家人带来了无尽的喜悦和欢乐,true
77,3,4,孩子的出生给一家人带来了无尽的喜悦和欢乐,一家人尽管生活清苦,false
77,3,5,孩子的出生给一家人带来了无尽的喜悦和欢乐,但其乐融融,false
77,3,6,孩子的出生给一家人带来了无尽的喜悦和欢乐,李世铭夫妇为生活奔波忙碌,false
77,3,7,孩子的出生给一家人带来了无尽的喜悦和欢乐,孩子一直奶奶照看,false
77,3,8,孩子的出生给一家人带来了无尽的喜悦和欢乐,眼看着儿子一天天长大,false
77,3,9,孩子的出生给一家人带来了无尽的喜悦和欢乐,常年在侯马市打工的李世铭觉得儿子性格有些内向,false
77,3,10,孩子的出生给一家人带来了无尽的喜悦和欢乐,应该多接触外面的世界,false
78,5,1,她心急火燎地给儿子李世铭打电话,当奶奶和摊主讨价还价时,false
78,5,2,她心急火燎地给儿子李世铭打电话,突然发现孙子不见了,false
78,5,3,她心急火燎地给儿子李世铭打电话,奶奶急忙在周围寻找,false
78,5,4,她心急火燎地给儿子李世铭打电话,可哪里也看不到孙子的影子,true
78,5,5,她心急火燎地给儿子李世铭打电话,她心急火燎地给儿子李世铭打电话,false
78,5,6,她心急火燎地给儿子李世铭打电话,李世铭立即放下手里的工作赶到火车站,false
78,5,7,她心急火燎地给儿子李世铭打电话,两人找遍了火车站附近的角落,false
78,5,8,她心急火燎地给儿子李世铭打电话,可是再也没有看到小鑫鑫的身影,false
78,5,9,她心急火燎地给儿子李世铭打电话,奶奶当即瘫坐在地上,false
78,5,10,她心急火燎地给儿子李世铭打电话,失声痛哭,false
78,10,1,失声痛哭,当奶奶和摊主讨价还价时,false
78,10,2,失声痛哭,突然发现孙子不见了,false
78,10,3,失声痛哭,奶奶急忙在周围寻找,false
78,10,4,失声痛哭,可哪里也看不到孙子的影子,false
78,10,5,失声痛哭,她心急火燎地给儿子李世铭打电话,false
78,10,6,失声痛哭,李世铭立即放下手里的工作赶到火车站,false
78,10,7,失声痛哭,两人找遍了火车站附近的角落,false
78,10,8,失声痛哭,可是再也没有看到小鑫鑫的身影,true
78,10,9,失声痛哭,奶奶当即瘫坐在地上,false
78,10,10,失声痛哭,失声痛哭,false
80,4,1,志愿者的一言一行温暖和感动着李世铭一家,不仅如此,false
80,4,2,志愿者的一言一行温暖和感动着李世铭一家,志愿者荣荣还亲自去运城河津等县市对接当地志愿者组织,false
80,4,3,志愿者的一言一行温暖和感动着李世铭一家,动员和呼吁当地志愿者共同发起寻找小鑫鑫的行动,false
80,4,4,志愿者的一言一行温暖和感动着李世铭一家,志愿者的一言一行温暖和感动着李世铭一家,true
80,4,5,志愿者的一言一行温暖和感动着李世铭一家,丢失了孩子,false
80,4,6,志愿者的一言一行温暖和感动着李世铭一家,他们是不幸的,false
80,4,7,志愿者的一言一行温暖和感动着李世铭一家,但众多志愿者的关心和帮助,false
80,4,8,志愿者的一言一行温暖和感动着李世铭一家,他们又觉得是幸运的,false
81,2,1,小鑫鑫的奶奶激动得流着热泪表示,提起志愿者,true
81,2,2,小鑫鑫的奶奶激动得流着热泪表示,小鑫鑫的奶奶激动得流着热泪表示,false
81,2,3,小鑫鑫的奶奶激动得流着热泪表示,她也要做志愿者,false
81,2,4,小鑫鑫的奶奶激动得流着热泪表示,她的儿子儿媳孙子都要做志愿者,false
81,2,5,小鑫鑫的奶奶激动得流着热泪表示,他们家世世代代都要做志愿者,false
81,2,6,小鑫鑫的奶奶激动得流着热泪表示,这个传统一定要传递下去,false
82,8,1,一家人禁不住泪流满面,2月13日一大早,false
82,8,2,一家人禁不住泪流满面,当项目组民警押着犯罪嫌疑人并带着解救回来的小鑫鑫凯旋归来,false
82,8,3,一家人禁不住泪流满面,一下高速口,false
82,8,4,一家人禁不住泪流满面,就受到了闻讯赶来的志愿者团队的热情欢迎和慰问,false
82,8,5,一家人禁不住泪流满面,上午10时,false
82,8,6,一家人禁不住泪流满面,李世铭一家闻讯后赶到侯马市公安局门口,false
82,8,7,一家人禁不住泪流满面,看到失而复得的儿子,true
82,8,8,一家人禁不住泪流满面,一家人禁不住泪流满面,false
83,8,1,并希望通过本报向侯马市公安局向侯马志愿者团队向所有关心帮助他们全家寻找小鑫鑫的好心人表示感谢,2月13日晚,false
83,8,2,并希望通过本报向侯马市公安局向侯马志愿者团队向所有关心帮助他们全家寻找小鑫鑫的好心人表示感谢,记者在李世铭家见到被拐骗45天回家的李沐羿鑫,false
83,8,3,并希望通过本报向侯马市公安局向侯马志愿者团队向所有关心帮助他们全家寻找小鑫鑫的好心人表示感谢,李世铭说,false
83,8,4,并希望通过本报向侯马市公安局向侯马志愿者团队向所有关心帮助他们全家寻找小鑫鑫的好心人表示感谢,孩子回来后不敢与陌生人说话,false
83,8,5,并希望通过本报向侯马市公安局向侯马志愿者团队向所有关心帮助他们全家寻找小鑫鑫的好心人表示感谢,比以前胆子小了许多,false
83,8,6,并希望通过本报向侯马市公安局向侯马志愿者团队向所有关心帮助他们全家寻找小鑫鑫的好心人表示感谢,他们会用全部的爱抚慰孩子幼小的心灵,false
83,8,7,并希望通过本报向侯马市公安局向侯马志愿者团队向所有关心帮助他们全家寻找小鑫鑫的好心人表示感谢,让孩子更健康更阳光地成长,false
83,8,8,并希望通过本报向侯马市公安局向侯马志愿者团队向所有关心帮助他们全家寻找小鑫鑫的好心人表示感谢,并希望通过本报向侯马市公安局向侯马志愿者团队向所有关心帮助他们全家寻找小鑫鑫的好心人表示感谢,true
84,3,1,让人心生敬仰,蜗居在山半腰的111岁和维瑞与105岁李进初,false
84,3,2,让人心生敬仰,两位百岁老人百年好合的爱情事,true
84,3,3,让人心生敬仰,让人心生敬仰,false
84,3,4,让人心生敬仰,情人节和春节的临近,false
84,3,5,让人心生敬仰,社会爱心人士也纷纷上门探望慰问这对百岁夫妻并送上节日祝福,false
85,2,1,让整日躺在躺椅上的李进初心生欢喜,志愿者送来的一支玫瑰,true
85,2,2,让整日躺在躺椅上的李进初心生欢喜,让整日躺在躺椅上的李进初心生欢喜,false
85,2,3,让整日躺在躺椅上的李进初心生欢喜,腼腆接过,false
85,2,4,让整日躺在躺椅上的李进初心生欢喜,然后默默无语地送给了一旁安静坐着的妻子和维瑞,false
85,2,5,让整日躺在躺椅上的李进初心生欢喜,艳红的玫瑰,false
85,2,6,让整日躺在躺椅上的李进初心生欢喜,让两位百岁老人都激动起来,false
85,2,7,让整日躺在躺椅上的李进初心生欢喜,两手枯瘦的手紧紧地握在了一起,false
85,6,1,让两位百岁老人都激动起来,志愿者送来的一支玫瑰,false
85,6,2,让两位百岁老人都激动起来,让整日躺在躺椅上的李进初心生欢喜,false
85,6,3,让两位百岁老人都激动起来,腼腆接过,false
85,6,4,让两位百岁老人都激动起来,然后默默无语地送给了一旁安静坐着的妻子和维瑞,false
85,6,5,让两位百岁老人都激动起来,艳红的玫瑰,true
85,6,6,让两位百岁老人都激动起来,让两位百岁老人都激动起来,false
85,6,7,让两位百岁老人都激动起来,两手枯瘦的手紧紧地握在了一起,false
87,2,1,感动和维瑞和李进初的爱情,开明的地主,false
87,2,2,感动和维瑞和李进初的爱情,感动和维瑞和李进初的爱情,true
87,2,3,感动和维瑞和李进初的爱情,好心做主主持了他们结为夫妻,false
87,2,4,感动和维瑞和李进初的爱情,而这一艰苦环境中的爱情结合,false
87,2,5,感动和维瑞和李进初的爱情,让他们相守相依到白头,false
88,2,1,他很高兴,看到童童入学,true
88,2,2,他很高兴,他很高兴,false
88,2,3,他很高兴,平时只要路过小学,false
88,2,4,他很高兴,他总喜欢慢慢走到教室外面,false
88,2,5,他很高兴,透过窗户看看坐在前排的童童,false
88,2,6,他很高兴,我还是很感慨的,false
88,2,7,他很高兴,看到童童就会想起自己的孩子,false
89,10,1,再累也开心,仁厚社区也格外照顾她,false
89,10,2,再累也开心,2003年起,false
89,10,3,再累也开心,她每月都能领到计生特困家庭特别扶助金,false
89,10,4,再累也开心,但凡有扶助政策,false
89,10,5,再累也开心,社区也首先想到她,false
89,10,6,再累也开心,党委书记张公平说徐婆婆很要强,false
89,10,7,再累也开心,从不给社区提要求,false
89,10,8,再累也开心,问她身体怎么样,false
89,10,9,再累也开心,她总说自食其力,true
89,10,10,再累也开心,再累也开心,false
90,3,1,格瑞斯曾欺骗对方一直深感愧疚,76岁的英国老妇人格瑞斯·贝茨在英国广播公司BBC帮助下,false
90,3,2,格瑞斯曾欺骗对方一直深感愧疚,找到分离59年的初恋德国人赫尔曼·博世,false
90,3,3,格瑞斯曾欺骗对方一直深感愧疚,格瑞斯曾欺骗对方一直深感愧疚,true
90,3,4,格瑞斯曾欺骗对方一直深感愧疚,死前一定要见到他,false
91,4,1,伤心欲绝地离开,不久,false
91,4,2,伤心欲绝地离开,格瑞斯发现自己怀孕,false
91,4,3,伤心欲绝地离开,赫尔曼发现隐情后,true
91,4,4,伤心欲绝地离开,伤心欲绝地离开,false
91,4,5,伤心欲绝地离开,前往美国后再无音信,false
91,4,6,伤心欲绝地离开,赫尔曼离开后,false
91,4,7,伤心欲绝地离开,格瑞斯产下一名女婴,false
91,4,8,伤心欲绝地离开,不久遭到未婚夫抛弃,false
92,5,1,我曾经欺骗他而一直深感愧疚,今年,false
92,5,2,我曾经欺骗他而一直深感愧疚,格瑞斯找到了BBC,false
92,5,3,我曾经欺骗他而一直深感愧疚,希望能通过媒体找到赫尔曼,false
92,5,4,我曾经欺骗他而一直深感愧疚,格瑞斯说过去这么多年,false
92,5,5,我曾经欺骗他而一直深感愧疚,我曾经欺骗他而一直深感愧疚,true
92,5,6,我曾经欺骗他而一直深感愧疚,死前一定要见到他,false
92,5,7,我曾经欺骗他而一直深感愧疚,没想到,false
92,5,8,我曾经欺骗他而一直深感愧疚,格瑞斯真的如愿以偿,false
92,5,9,我曾经欺骗他而一直深感愧疚,两人在伦敦相聚,false
92,5,10,我曾经欺骗他而一直深感愧疚,赫尔曼到了美国后也结了婚,false
92,5,11,我曾经欺骗他而一直深感愧疚,婚姻很幸福,false
92,5,12,我曾经欺骗他而一直深感愧疚,但妻子已经于2013年去世,false
93,11,1,彭某悲愤之余,离婚后,false
93,11,2,彭某悲愤之余,儿子跟随邓某生活,false
93,11,3,彭某悲愤之余,彭某仍尽父亲的义务,false
93,11,4,彭某悲愤之余,经常探望并带儿子外出游玩,false
93,11,5,彭某悲愤之余,此期间,false
93,11,6,彭某悲愤之余,彭某经常听到同事朋友议论说孩子不像自己,false
93,11,7,彭某悲愤之余,他怀疑之余,false
93,11,8,彭某悲愤之余,带儿子到南宁市做亲子鉴定,false
93,11,9,彭某悲愤之余,果然,false
93,11,10,彭某悲愤之余,儿子并非亲生,true
93,11,11,彭某悲愤之余,彭某悲愤之余,false
93,11,12,彭某悲愤之余,认为前妻当年欺骗了自己,false
93,11,13,彭某悲愤之余,于2014年8月将邓某诉至法院,false
93,11,14,彭某悲愤之余,请求法院判令邓某给付亲子鉴定费医疗费怀孕期间的产检生育等孩子出生后至离婚前的抚养费离异后孩子的生活教育费以及精神损失费等共12万余元,false
94,5,1,情绪异常激动,庭上,false
94,5,2,情绪异常激动,面对两次鉴定结果,false
94,5,3,情绪异常激动,邓某再没提出异议,false
94,5,4,情绪异常激动,但是彭某想到自己白白疼爱了别人的孩子几年,true
94,5,5,情绪异常激动,情绪异常激动,false
94,5,6,情绪异常激动,不停细数这几年自己的伤痕,false
94,5,7,情绪异常激动,法官耐心释法析理,false
94,5,8,情绪异常激动,做双方的思想工作,false
95,3,1,他和女朋友都非常吃惊,这位总监在接受记者采访时说,false
95,3,2,他和女朋友都非常吃惊,当时在公司尾牙宴上听到这一决定,true
95,3,3,他和女朋友都非常吃惊,他和女朋友都非常吃惊,false
95,3,4,他和女朋友都非常吃惊,两人去年8月份确立恋爱关系,false
95,3,5,他和女朋友都非常吃惊,怕公司知道,false
95,3,6,他和女朋友都非常吃惊,平时两人都是偷偷摸摸的,false
95,3,7,他和女朋友都非常吃惊,在公司大多通过QQ交流,false
95,3,8,他和女朋友都非常吃惊,避免在同事面前说比较亲密的话,false
95,3,9,他和女朋友都非常吃惊,对于恋情不敢太公开,false
96,5,1,他们觉得很开心,得到公司的鼓励后,false
96,5,2,他们觉得很开心,两人在同事面前可以大大方方牵手了,true
96,5,3,他们觉得很开心,不仅如此,false
96,5,4,他们觉得很开心,还会得到同事的祝福,true
96,5,5,他们觉得很开心,他们觉得很开心,false
97,4,1,他开始怀疑妻子和别的男人有染,今年元旦期间,false
97,4,2,他开始怀疑妻子和别的男人有染,远在广东的谭某发现覃某的手机时常关机,true
97,4,3,他开始怀疑妻子和别的男人有染,又从覃某同事口中听说了一些不好的传言,true
97,4,4,他开始怀疑妻子和别的男人有染,他开始怀疑妻子和别的男人有染,false
98,4,1,这让谭某更加愤恨,14日下午,false
98,4,2,这让谭某更加愤恨,谭某赶到他和覃某在南宁的租房,false
98,4,3,这让谭某更加愤恨,发现房间里有其他男人的衣物和用品,true
98,4,4,这让谭某更加愤恨,这让谭某更加愤恨,false
99,6,1,让盛某高兴的是,19岁的盛某老家在江西南昌农村,false
99,6,2,让盛某高兴的是,父母体弱多病,false
99,6,3,让盛某高兴的是,从小被姐姐带大,false
99,6,4,让盛某高兴的是,去年,false
99,6,5,让盛某高兴的是,姐姐盛女士来到合肥打工,false
99,6,6,让盛某高兴的是,让盛某高兴的是,false
99,6,7,让盛某高兴的是,姐姐告诉他自己已经担任了一家公司的人事部经理,true
100,5,1,心生怨恨,经审理查明,false
100,5,2,心生怨恨,徐国华认为被害人徐大畅一直欺负自己,true
100,5,3,心生怨恨,并怀疑被害人吴照华与他妻子邹某某有不正当男女关系,true
100,5,4,心生怨恨,败坏他以及家人的名誉,false
100,5,5,心生怨恨,心生怨恨,false
101,5,1,很惭愧,真的不想治了,false
101,5,2,很惭愧,我的家庭承受不起,false
101,5,3,很惭愧,一直都没有能力让父母过上好日子,true
101,5,4,很惭愧,现在还要让他们为我操心,true
101,5,5,很惭愧,很惭愧,false
101,5,6,很惭愧,我知道即使手术后风险还是很大,false
101,5,7,很惭愧,就不想治了,false
102,4,1,也很愧疚,妻子在家照顾瘫痪的爷爷和两个小孩,true
102,4,2,也很愧疚,父亲这么大年纪还在工地打工挣钱,true
102,4,3,也很愧疚,很想念他们,false
102,4,4,也很愧疚,也很愧疚,false
102,4,5,也很愧疚,说到这里,false
102,4,6,也很愧疚,闫超望着天花板,false
102,4,7,也很愧疚,不再说话,false
103,7,1,大失所望之余,男子不远千里会网友,false
103,7,2,大失所望之余,发现女子长相与照片判若两人体形也相差甚远,true
103,7,3,大失所望之余,女子辩称,false
103,7,4,大失所望之余,自己就是照片中的人,false
103,7,5,大失所望之余,不过是化了妆,false
103,7,6,大失所望之余,用了美图工具,false
103,7,7,大失所望之余,大失所望之余,false
103,7,8,大失所望之余,男子认为受到欺骗,false
103,7,9,大失所望之余,怒火之下大打出手,false
103,7,10,大失所望之余,最终,false
103,7,11,大失所望之余,经永嘉桥头派出所调解,false
103,7,12,大失所望之余,双方达成和解,false
103,7,13,大失所望之余,男子当天乘飞机回家,false
104,3,1,而刘运荣担心影响到孩子们学习,龙保小学位于新村和龙保两村之间,false
104,3,2,而刘运荣担心影响到孩子们学习,常常会有社会无关人员抄近路从学校走过,true
104,3,3,而刘运荣担心影响到孩子们学习,而刘运荣担心影响到孩子们学习,false
104,3,4,而刘运荣担心影响到孩子们学习,不上课时,false
104,3,5,而刘运荣担心影响到孩子们学习,他就会在学校的铁门处站岗,false
105,2,1,刘运荣的妻子容阿郎泣不成声,回忆起这段日子,true
105,2,2,刘运荣的妻子容阿郎泣不成声,刘运荣的妻子容阿郎泣不成声,false
105,2,3,刘运荣的妻子容阿郎泣不成声,在病痛的折磨下,false
105,2,4,刘运荣的妻子容阿郎泣不成声,他终于在12月底同意去医院做检查,false
105,2,5,刘运荣的妻子容阿郎泣不成声,还特意等到周五上完课后周六休息时再去,false
106,3,1,村民们用最淳朴的方式来表达他们最崇高的敬意,对这位拖着残腿在讲台苦撑了34年,true
106,3,2,村民们用最淳朴的方式来表达他们最崇高的敬意,病危关头念叨的还是学生的校长,true
106,3,3,村民们用最淳朴的方式来表达他们最崇高的敬意,村民们用最淳朴的方式来表达他们最崇高的敬意,false
107,3,1,愤而报警,吸毒后不仅对妻子拳打脚踢甚至持刀闯入娘家威胁丈母娘,true
107,3,2,愤而报警,妻子忍无可忍,false
107,3,3,愤而报警,愤而报警,false
108,2,1,格兰特的一个邻居对他被指控性侵非常吃惊,据全国广播公司NBC报道,false
108,2,2,格兰特的一个邻居对他被指控性侵非常吃惊,格兰特的一个邻居对他被指控性侵非常吃惊,true
108,2,3,格兰特的一个邻居对他被指控性侵非常吃惊,在他被捕后都很难入睡,false
109,6,1,现在比较头疼就是钱的问题,现在村里街坊凑得钱已经花完,false
109,6,2,现在比较头疼就是钱的问题,用的是捐款,false
109,6,3,现在比较头疼就是钱的问题,好心人捐的每一笔钱的去处都有记录,false
109,6,4,现在比较头疼就是钱的问题,像国云这样的大面积烧伤,false
109,6,5,现在比较头疼就是钱的问题,仅是第一期治疗就要20多万元,false
109,6,6,现在比较头疼就是钱的问题,现在比较头疼就是钱的问题,true
110,8,1,女儿受了惊吓,突然听见其他人喊谁家的小孩着火了,false
110,8,2,女儿受了惊吓,就看见她在屋外跑,false
110,8,3,女儿受了惊吓,一身火,false
110,8,4,女儿受了惊吓,苏三喜说,false
110,8,5,女儿受了惊吓,可能是灶里没燃尽的柴火掉出来,false
110,8,6,女儿受了惊吓,让女儿抓到了,false
110,8,7,女儿受了惊吓,火苗引燃灶外面木柴又沾到衣服起的火,true
110,8,8,女儿受了惊吓,女儿受了惊吓,false
110,8,9,女儿受了惊吓,就朝外面跑,false
111,3,1,感动了身边许多人,盂县路家村镇张家垴村的李双娣,false
111,3,2,感动了身边许多人,33年如一日照料瘫痪的丈夫省吃俭用将两个女儿抚育成人,true
111,3,3,感动了身边许多人,感动了身边许多人,false
112,6,1,李双娣的心情依然沉重,那段时间,false
112,6,2,李双娣的心情依然沉重,明明睁着眼,false
112,6,3,李双娣的心情依然沉重,眼前却常常是漆黑一片,false
112,6,4,李双娣的心情依然沉重,耳朵里经常有石头从山上滚落的声音,false
112,6,5,李双娣的心情依然沉重,回想起当时的情况,true
112,6,6,李双娣的心情依然沉重,李双娣的心情依然沉重,false
112,6,7,李双娣的心情依然沉重,公婆常以泪洗面,false
112,6,8,李双娣的心情依然沉重,我强打精神,false
112,6,9,李双娣的心情依然沉重,告诉自己不能垮了,false
113,10,1,张庙双的心情一度非常压抑,经过一番认真思考,false
113,10,2,张庙双的心情一度非常压抑,李双娣怎么想也觉得不能这样做,false
113,10,3,张庙双的心情一度非常压抑,不能说丈夫能动的时候就是夫妻,false
113,10,4,张庙双的心情一度非常压抑,人家受伤了,false
113,10,5,张庙双的心情一度非常压抑,就不和人家过了,false
113,10,6,张庙双的心情一度非常压抑,说起来容易做起来难,false
113,10,7,张庙双的心情一度非常压抑,很快,false
113,10,8,张庙双的心情一度非常压抑,李双娣就尝到了生活的艰辛,false
113,10,9,张庙双的心情一度非常压抑,在病痛和经济的双重压力下,true
113,10,10,张庙双的心情一度非常压抑,张庙双的心情一度非常压抑,false
114,6,1,我这辈子最幸运的就是找了个好老婆,33年付出诠释和谐幸福对于妻子这些年的付出,false
114,6,2,我这辈子最幸运的就是找了个好老婆,张庙双看在眼里疼在心上出事的时候我32岁,false
114,6,3,我这辈子最幸运的就是找了个好老婆,她26岁,false
114,6,4,我这辈子最幸运的就是找了个好老婆,从那之后的33年里,false
114,6,5,我这辈子最幸运的就是找了个好老婆,我没有一天能离得开她,false
114,6,6,我这辈子最幸运的就是找了个好老婆,我这辈子最幸运的就是找了个好老婆,true
115,4,1,少女不爽反呛,报道,false
115,4,2,少女不爽反呛,台湾一名初三女生在脸书传了一张自拍照,false
115,4,3,少女不爽反呛,被学姐笑丑,true
115,4,4,少女不爽反呛,少女不爽反呛,false
115,4,5,少女不爽反呛,两人起了口角,false
115,4,6,少女不爽反呛,后更当面打起群架,false
115,4,7,少女不爽反呛,少女的男友被砍伤,false
115,4,8,少女不爽反呛,伤口深可见骨,false
115,4,9,少女不爽反呛,警方目前正深入追查,false
116,3,1,没想到学姐被放鸽子后更加气愤,但黄姓少女认为没必要赴约,false
116,3,2,没想到学姐被放鸽子后更加气愤,跟陈姓男友及另一名友人到台北市忠孝东路麦当劳聚餐,false
116,3,3,没想到学姐被放鸽子后更加气愤,没想到学姐被放鸽子后更加气愤,true
116,3,4,没想到学姐被放鸽子后更加气愤,撂了十多人直奔现场砍人,false
116,3,5,没想到学姐被放鸽子后更加气愤,黄姓少女的男友及友人遭砍伤,false
116,3,6,没想到学姐被放鸽子后更加气愤,其中一人双手被砍,false
116,3,7,没想到学姐被放鸽子后更加气愤,另一人刀伤可见骨,false
116,3,8,没想到学姐被放鸽子后更加气愤,民众惊见连忙报案,false
116,3,9,没想到学姐被放鸽子后更加气愤,双方人马才四散逃逸,false
116,3,10,没想到学姐被放鸽子后更加气愤,所幸两人送医后均无生命危险,false
117,3,1,严涛很是郁闷,那我该怎么办,false
117,3,2,严涛很是郁闷,这母亲明明健在还无法证明了,true
117,3,3,严涛很是郁闷,严涛很是郁闷,false
117,3,4,严涛很是郁闷,对此,false
117,3,5,严涛很是郁闷,民警表示,false
117,3,6,严涛很是郁闷,警方确实无法出具居民健在证明,false
117,3,7,严涛很是郁闷,即使出具了,false
117,3,8,严涛很是郁闷,也是不合法的无效的,false
118,6,1,胡先生很高兴,见面后,false
118,6,2,胡先生很高兴,胡先生对染着黄头发打扮入时的杨女士比较满意,false
118,6,3,胡先生很高兴,俩人就这样交往了起来,false
118,6,4,胡先生很高兴,交往后没多久,false
118,6,5,胡先生很高兴,杨女士就告诉他自己决定要嫁给他,true
118,6,6,胡先生很高兴,胡先生很高兴,false
119,5,1,胡先生心生疑惑,胡先生原以为自己慷慨地为杨女士花钱,false
119,5,2,胡先生心生疑惑,俩人的感情能更稳固,false
119,5,3,胡先生心生疑惑,不料,false
119,5,4,胡先生心生疑惑,在这之后杨女士的手机就打不通了,true
119,5,5,胡先生心生疑惑,胡先生心生疑惑,false
119,5,6,胡先生心生疑惑,把此事告诉了婚介中心的叶老板,false
120,7,1,她对这场婚姻彻底绝望,2010年,false
120,7,2,她对这场婚姻彻底绝望,阿莹与相识8年的丈夫黄某结婚,false
120,7,3,她对这场婚姻彻底绝望,她还特意将登记的日子选择在520,false
120,7,4,她对这场婚姻彻底绝望,但最终没有等来丈夫的爱,false
120,7,5,她对这场婚姻彻底绝望,去年4月,false
120,7,6,她对这场婚姻彻底绝望,阿莹发现了丈夫有外遇,true
120,7,7,她对这场婚姻彻底绝望,她对这场婚姻彻底绝望,false
120,7,8,她对这场婚姻彻底绝望,将黄某告上了法庭,false
120,7,9,她对这场婚姻彻底绝望,要求和黄某离婚,false
120,7,10,她对这场婚姻彻底绝望,案件昨日上午在禅城区法院张槎法庭开庭审理,false
121,4,1,心中起疑,案发当天,false
121,4,2,心中起疑,秦某参加宴席喝了半斤酒,false
121,4,3,心中起疑,结束后又找不到妻子,true
121,4,4,心中起疑,心中起疑,false
121,4,5,心中起疑,就来到赵某公司附近,false
121,4,6,心中起疑,碰到赵某以及妻子杜某,false
121,4,7,心中起疑,随后,false
121,4,8,心中起疑,发生了振中街杀人案,false
121,4,9,心中起疑,行凶期间,false
121,4,10,心中起疑,其妻杜某虽多次对秦某进行劝阻,false
121,4,11,心中起疑,但均未成功,false
121,4,12,心中起疑,后来经法医查明,false
121,4,13,心中起疑,被害人赵某全身被刺60余刀,false
122,15,1,与其在医院闷闷不乐度过余生,2014年4月,false
122,15,2,与其在医院闷闷不乐度过余生,两人在彼此的慰藉中相爱了,false
122,15,3,与其在医院闷闷不乐度过余生,然而,false
122,15,4,与其在医院闷闷不乐度过余生,命运并没有给他们一条平坦的道路,false
122,15,5,与其在医院闷闷不乐度过余生,几个月后,false
122,15,6,与其在医院闷闷不乐度过余生,赖敏病情加重,false
122,15,7,与其在医院闷闷不乐度过余生,走路困难,false
122,15,8,与其在医院闷闷不乐度过余生,只能生活在轮椅之上,false
122,15,9,与其在医院闷闷不乐度过余生,曾经当过导游的她一直有个环游中国的梦想,false
122,15,10,与其在医院闷闷不乐度过余生,在疾病加重之时,false
122,15,11,与其在医院闷闷不乐度过余生,这种愿望更加强烈,false
122,15,12,与其在医院闷闷不乐度过余生,丁一舟说,false
122,15,13,与其在医院闷闷不乐度过余生,赖敏的病情发展起来迅猛凶险,false
122,15,14,与其在医院闷闷不乐度过余生,就算医治也无法增加生命的质量与长度,true
122,15,15,与其在医院闷闷不乐度过余生,与其在医院闷闷不乐度过余生,false
122,15,16,与其在医院闷闷不乐度过余生,不如大胆潇洒走一回,false
123,16,1,轮椅上的赖敏笑得合不拢嘴,此时,false
123,16,2,轮椅上的赖敏笑得合不拢嘴,国道上来来往往的车辆带起阵阵冷风,false
123,16,3,轮椅上的赖敏笑得合不拢嘴,刺耳的轰鸣声不绝于耳,false
123,16,4,轮椅上的赖敏笑得合不拢嘴,但丁一舟和赖敏倒也自得其乐,false
123,16,5,轮椅上的赖敏笑得合不拢嘴,走得不慌不忙,false
123,16,6,轮椅上的赖敏笑得合不拢嘴,爱犬阿宝欢快卖力地在右侧拉着轮椅前行,false
123,16,7,轮椅上的赖敏笑得合不拢嘴,遇到平路或者下坡,false
123,16,8,轮椅上的赖敏笑得合不拢嘴,丁一舟就骑行,false
123,16,9,轮椅上的赖敏笑得合不拢嘴,遇到上坡路段,false
123,16,10,轮椅上的赖敏笑得合不拢嘴,他就下来慢慢拉着轮椅向前走,false
123,16,11,轮椅上的赖敏笑得合不拢嘴,累了倦了,false
123,16,12,轮椅上的赖敏笑得合不拢嘴,就停下来坐在路边休息,false
123,16,13,轮椅上的赖敏笑得合不拢嘴,吃块面包,false
123,16,14,轮椅上的赖敏笑得合不拢嘴,看看风景,false
123,16,15,轮椅上的赖敏笑得合不拢嘴,看着丁一舟逗弄阿宝,true
123,16,16,轮椅上的赖敏笑得合不拢嘴,轮椅上的赖敏笑得合不拢嘴,false
123,16,17,轮椅上的赖敏笑得合不拢嘴,对于媒体的追访,false
123,16,18,轮椅上的赖敏笑得合不拢嘴,他们虽有不适但并未反感,false
123,16,19,轮椅上的赖敏笑得合不拢嘴,唯有不断表示感谢,false
124,14,1,路训被廖林的孝行感动了,2012年春节,false
124,14,2,路训被廖林的孝行感动了,廖林和村里的孤寡老人聊天,false
124,14,3,路训被廖林的孝行感动了,知道他们想去北京一趟,false
124,14,4,路训被廖林的孝行感动了,当时他没有多说,false
124,14,5,路训被廖林的孝行感动了,却悄悄准备起来,false
124,14,6,路训被廖林的孝行感动了,2012年4月,false
124,14,7,路训被廖林的孝行感动了,旅行团26人出发,false
124,14,8,路训被廖林的孝行感动了,其中年龄最大的92岁,false
124,14,9,路训被廖林的孝行感动了,4天的行程,false
124,14,10,路训被廖林的孝行感动了,老人们游天安门逛宫登长城,false
124,14,11,路训被廖林的孝行感动了,得知廖林到来,false
124,14,12,路训被廖林的孝行感动了,他北京的好友路训尽地主之谊宴请老人们,false
124,14,13,路训被廖林的孝行感动了,饭桌上,false
124,14,14,路训被廖林的孝行感动了,路训被廖林的孝行感动了,true
124,14,15,路训被廖林的孝行感动了,第二天就给廖林打了10万元,false
124,14,16,路训被廖林的孝行感动了,说是捐给公义村的老人们,false
125,14,1,这让他十分感动,1974年,false
125,14,2,这让他十分感动,安继荣在蒲城县三合公社今属桥陵镇任武装干事,false
125,14,3,这让他十分感动,长他16岁的郭天禄时任公社党委书记,false
125,14,4,这让他十分感动,是出了名的热心肠,false
125,14,5,这让他十分感动,谁家娃病了两口子闹矛盾了,false
125,14,6,这让他十分感动,都找他帮忙,false
125,14,7,这让他十分感动,那时候粮票都紧张,false
125,14,8,这让他十分感动,安继荣回忆说,false
125,14,9,这让他十分感动,共事的三年中,false
125,14,10,这让他十分感动,郭天禄常常资助他,false
125,14,11,这让他十分感动,每次一到饭点,false
125,14,12,这让他十分感动,郭天禄总是主动掏两个人的粮票,false
125,14,13,这让他十分感动,冬天没有取暖设施两个人常挤在一张床上睡,true
125,14,14,这让他十分感动,这让他十分感动,false
125,14,15,这让他十分感动,我只是个基层的小干部,false
125,14,16,这让他十分感动,他把我当兄弟看,false
126,10,1,安继荣很是心酸,1997年,false
126,10,2,安继荣很是心酸,退休的郭天禄丧偶再婚后,false
126,10,3,安继荣很是心酸,一直随女方居住在渭南市临渭区,false
126,10,4,安继荣很是心酸,2012年2月份,false
126,10,5,安继荣很是心酸,安继荣去探望郭天禄,false
126,10,6,安继荣很是心酸,发现年久失修,false
126,10,7,安继荣很是心酸,老领导居住的平房成了危房,false
126,10,8,安继荣很是心酸,只能暂时借住在村中小学里,false
126,10,9,安继荣很是心酸,见已身患老年痴呆的老领导和老伴儿寄居在废弃的教室里,true
126,10,10,安继荣很是心酸,安继荣很是心酸,false
127,4,1,郭天禄的二女儿50岁的郭春英眼眶泛红,父亲都记不得他资助了多少我都不知道安叔图我爸啥,false
127,4,2,郭天禄的二女儿50岁的郭春英眼眶泛红,提起这些年来安继荣对父亲的资助,true
127,4,3,郭天禄的二女儿50岁的郭春英眼眶泛红,1月3日中午,false
127,4,4,郭天禄的二女儿50岁的郭春英眼眶泛红,郭天禄的二女儿50岁的郭春英眼眶泛红,false
127,4,5,郭天禄的二女儿50岁的郭春英眼眶泛红,郭春英说,false
127,4,6,郭天禄的二女儿50岁的郭春英眼眶泛红,上世纪80年代,false
127,4,7,郭天禄的二女儿50岁的郭春英眼眶泛红,父亲从蒲城县工商局退休后,false
127,4,8,郭天禄的二女儿50岁的郭春英眼眶泛红,没留下多少积蓄,false
127,4,9,郭天禄的二女儿50岁的郭春英眼眶泛红,以后每月仅靠几百元的退休工资生活,false
127,4,10,郭天禄的二女儿50岁的郭春英眼眶泛红,这么多年来,false
127,4,11,郭天禄的二女儿50岁的郭春英眼眶泛红,安叔常送米送油,false
127,4,12,郭天禄的二女儿50岁的郭春英眼眶泛红,并不要欠条送上几千元钱,false
127,4,13,郭天禄的二女儿50岁的郭春英眼眶泛红,父亲都记不得他资助了多少,false
127,4,14,郭天禄的二女儿50岁的郭春英眼眶泛红,连我妈的丧事都是安叔帮着操办的,false
128,6,1,我们觉得给崔某介绍对象的李某很可疑,2014年12月18日,false
128,6,2,我们觉得给崔某介绍对象的李某很可疑,延吉市公安局建工派出所民警在走访时,false
128,6,3,我们觉得给崔某介绍对象的李某很可疑,崔某把自己心中的疑惑和民警说了,false
128,6,4,我们觉得给崔某介绍对象的李某很可疑,民警分析,false
128,6,5,我们觉得给崔某介绍对象的李某很可疑,崔某一定是被骗了,false
128,6,6,我们觉得给崔某介绍对象的李某很可疑,我们觉得给崔某介绍对象的李某很可疑,false
128,6,7,我们觉得给崔某介绍对象的李某很可疑,崔某每次掏钱都是经李某的手来转交,true
128,6,8,我们觉得给崔某介绍对象的李某很可疑,警方将李某传唤到派出所接受调查,false
128,6,9,我们觉得给崔某介绍对象的李某很可疑,起初他还不承认,false
128,6,10,我们觉得给崔某介绍对象的李某很可疑,后来终于承认了,false
129,4,1,非常高兴,记者与璐璐的姥爷取得了联系,false
129,4,2,非常高兴,电话里,false
129,4,3,非常高兴,这位远在承德的八旬老人听到记者探问此事,true
129,4,4,非常高兴,非常高兴,false
129,4,5,非常高兴,他说,false
129,4,6,非常高兴,璐璐从小姥姥带大,false
129,4,7,非常高兴,上初中时仍二老接送,false
129,4,8,非常高兴,并在老人家里吃住,false
129,4,9,非常高兴,说,false
129,4,10,非常高兴,感情非常深,false
130,16,1,真是空旷寂寞,一位朋友圈中点赞的王女士说,false
130,16,2,真是空旷寂寞,自己出生于农村,false
130,16,3,真是空旷寂寞,如今已在城市生活多年,false
130,16,4,真是空旷寂寞,但母亲还住在农村老家,false
130,16,5,真是空旷寂寞,父亲早年去世,false
130,16,6,真是空旷寂寞,兄弟姐妹纷纷进城打工,false
130,16,7,真是空旷寂寞,平时,false
130,16,8,真是空旷寂寞,守着老家宅院的就只剩母亲一人,false
130,16,9,真是空旷寂寞,在农村,false
130,16,10,真是空旷寂寞,白天还好,false
130,16,11,真是空旷寂寞,有乡邻之间相互走动,false
130,16,12,真是空旷寂寞,再打理一下田间庄稼和花草鸡鸭,false
130,16,13,真是空旷寂寞,还算热闹些,false
130,16,14,真是空旷寂寞,但到了晚上,false
130,16,15,真是空旷寂寞,空荡荡的大院子里就一个人,true
130,16,16,真是空旷寂寞,真是空旷寂寞,false
131,7,1,关键是喜欢这种团聚的热闹气氛,燕赵都市报曾经报道过威县孙家寨的老人免费午餐,false
131,7,2,关键是喜欢这种团聚的热闹气氛,该村在本村青年付宏伟的带领下,false
131,7,3,关键是喜欢这种团聚的热闹气氛,每月召集村中60岁以上的老人围坐包饺子吃,false
131,7,4,关键是喜欢这种团聚的热闹气氛,在现场,false
131,7,5,关键是喜欢这种团聚的热闹气氛,老人们感慨地说,false
131,7,6,关键是喜欢这种团聚的热闹气氛,吃顿饺子谁也吃得起,false
131,7,7,关键是喜欢这种团聚的热闹气氛,关键是喜欢这种团聚的热闹气氛,true
131,7,8,关键是喜欢这种团聚的热闹气氛,现在年轻人外出打工,false
131,7,9,关键是喜欢这种团聚的热闹气氛,家家都只剩些空巢老人,false
131,7,10,关键是喜欢这种团聚的热闹气氛,如果晚辈们能体味到老人内心的孤独,false
131,7,11,关键是喜欢这种团聚的热闹气氛,能常常回来陪陪他们就好了,false
131,7,12,关键是喜欢这种团聚的热闹气氛,吃什么倒在其次,false
131,7,13,关键是喜欢这种团聚的热闹气氛,主要是情感落寞,false
132,6,1,我们不能惧怕存在这样的侵权风险放弃人与人之间友好互助的美好品格,法官表示,false
132,6,2,我们不能惧怕存在这样的侵权风险放弃人与人之间友好互助的美好品格,同事或朋友间好意搭载无可厚非,false
132,6,3,我们不能惧怕存在这样的侵权风险放弃人与人之间友好互助的美好品格,发生交通意外造成两家人甚至更多人的伤痛是大家都不愿意看到的结果,false
132,6,4,我们不能惧怕存在这样的侵权风险放弃人与人之间友好互助的美好品格,发生侵权损害后的索赔于法有据,false
132,6,5,我们不能惧怕存在这样的侵权风险放弃人与人之间友好互助的美好品格,合情合理,false
132,6,6,我们不能惧怕存在这样的侵权风险放弃人与人之间友好互助的美好品格,我们不能惧怕存在这样的侵权风险放弃人与人之间友好互助的美好品格,true
132,6,7,我们不能惧怕存在这样的侵权风险放弃人与人之间友好互助的美好品格,噎废食,false
132,6,8,我们不能惧怕存在这样的侵权风险放弃人与人之间友好互助的美好品格,遵守交通规则,false
132,6,9,我们不能惧怕存在这样的侵权风险放弃人与人之间友好互助的美好品格,小心安全驾驶才能为我们的幸福安稳生活保驾护航,false
133,2,1,亲人心急如焚,古镇海州一灯饰厂18岁女孩留下绝笔信至今未归,true
133,2,2,亲人心急如焚,亲人心急如焚,false
133,2,3,亲人心急如焚,连日来,false
133,2,4,亲人心急如焚,有网友在中山本地论坛和微信朋友圈发布帖子称,false
133,2,5,亲人心急如焚,18岁贵州女孩丁双琴本月21日给母亲留下遗书后失联,false
133,2,6,亲人心急如焚,事件很快引起广泛关注,false
134,21,1,我们开始害怕了,据丁双琴的婶婶介绍,false
134,21,2,我们开始害怕了,12月20日星期六,false
134,21,3,我们开始害怕了,丁双琴吃了中饭到古镇一家银行给同学汇款,false
134,21,4,我们开始害怕了,不知道怎么转账就回来了,false
134,21,5,我们开始害怕了,回来时情绪低落,false
134,21,6,我们开始害怕了,无论自己怎么询问,false
134,21,7,我们开始害怕了,丁双琴都说没事,false
134,21,8,我们开始害怕了,21日上午,false
134,21,9,我们开始害怕了,丁双琴照常上班,false
134,21,10,我们开始害怕了,但情绪仍然很低落,false
134,21,11,我们开始害怕了,中午在工厂食堂草草吃了几口饭后走出厂外,false
134,21,12,我们开始害怕了,然而,false
134,21,13,我们开始害怕了,当天下午上班时,false
134,21,14,我们开始害怕了,她却没有看到丁双琴的身影,false
134,21,15,我们开始害怕了,于是马上给丁双琴母亲打电话,false
134,21,16,我们开始害怕了,当时工厂内声音嘈杂,false
134,21,17,我们开始害怕了,丁双琴的母亲并未能接到电话,false
134,21,18,我们开始害怕了,下午6点,false
134,21,19,我们开始害怕了,丁双琴的妈妈看到有未接来电打回给我,false
134,21,20,我们开始害怕了,直到这时,false
134,21,21,我们开始害怕了,我们开始害怕了,false
134,21,22,我们开始害怕了,丁双琴不见了,true
135,15,1,发现被骗后心里好难过害怕,阿敏说,false
135,15,2,发现被骗后心里好难过害怕,丁双琴性格并不内向,false
135,15,3,发现被骗后心里好难过害怕,爱美也爱玩自拍,false
135,15,4,发现被骗后心里好难过害怕,跟同事相处也和谐,false
135,15,5,发现被骗后心里好难过害怕,可能是家境不太好,false
135,15,6,发现被骗后心里好难过害怕,即是双休日,false
135,15,7,发现被骗后心里好难过害怕,也会主动申请加班,false
135,15,8,发现被骗后心里好难过害怕,多赚点钱,false
135,15,9,发现被骗后心里好难过害怕,原本工资就不高,false
135,15,10,发现被骗后心里好难过害怕,这次出走应该跟钱被诈骗走有关,false
135,15,11,发现被骗后心里好难过害怕,丁双琴的遗书是12月22日被室友发现的,false
135,15,12,发现被骗后心里好难过害怕,丁双琴在遗书中称自己遇到两位大叔,false
135,15,13,发现被骗后心里好难过害怕,为了帮助他们把银行卡和手机都给他们后,false
135,15,14,发现被骗后心里好难过害怕,还在原地等他们回来,false
135,15,15,发现被骗后心里好难过害怕,发现被骗后心里好难过害怕,true
135,15,16,发现被骗后心里好难过害怕,直至真的要走了,false
136,3,1,作为一个贫困家庭失去一个孩子心情是何等痛苦,当看到遗书的内容后,false
136,3,2,作为一个贫困家庭失去一个孩子心情是何等痛苦,我们的心理防线彻底崩溃了,false
136,3,3,作为一个贫困家庭失去一个孩子心情是何等痛苦,作为一个贫困家庭失去一个孩子心情是何等痛苦,true
136,3,4,作为一个贫困家庭失去一个孩子心情是何等痛苦,丁双琴的叔叔丁强说,false
136,3,5,作为一个贫困家庭失去一个孩子心情是何等痛苦,随后,false
136,3,6,作为一个贫困家庭失去一个孩子心情是何等痛苦,他们到银行查询丁双琴的银行卡信息,false
136,3,7,作为一个贫困家庭失去一个孩子心情是何等痛苦,结果发现,false
136,3,8,作为一个贫困家庭失去一个孩子心情是何等痛苦,银行卡内的8100元钱已经被分两次提走,false
137,12,1,高兴之余,25年前,false
137,12,2,高兴之余,37岁的母亲走失,false
137,12,3,高兴之余,3年后父亲以同样的方式离家出走,false
137,12,4,高兴之余,没有留下任何线索,false
137,12,5,高兴之余,为了寻找父母,false
137,12,6,高兴之余,丹凤县土门镇土门村村民刘安良,false
137,12,7,高兴之余,一边打工一边寻找母亲,false
137,12,8,高兴之余,足迹遍布河南四川天津等省市,false
137,12,9,高兴之余,今年4月,false
137,12,10,高兴之余,他意外从工友处得知信息,false
137,12,11,高兴之余,终于在河南省新郑市找回了母亲,true
137,12,12,高兴之余,高兴之余,false
137,12,13,高兴之余,却又为母亲的户口难以落户而发愁,false
137,13,1,却又为母亲的户口难以落户而发愁,25年前,false
137,13,2,却又为母亲的户口难以落户而发愁,37岁的母亲走失,false
137,13,3,却又为母亲的户口难以落户而发愁,3年后父亲以同样的方式离家出走,false
137,13,4,却又为母亲的户口难以落户而发愁,没有留下任何线索,false
137,13,5,却又为母亲的户口难以落户而发愁,为了寻找父母,false
137,13,6,却又为母亲的户口难以落户而发愁,丹凤县土门镇土门村村民刘安良,false
137,13,7,却又为母亲的户口难以落户而发愁,一边打工一边寻找母亲,false
137,13,8,却又为母亲的户口难以落户而发愁,足迹遍布河南四川天津等省市,false
137,13,9,却又为母亲的户口难以落户而发愁,今年4月,false
137,13,10,却又为母亲的户口难以落户而发愁,他意外从工友处得知信息,false
137,13,11,却又为母亲的户口难以落户而发愁,终于在河南省新郑市找回了母亲,false
137,13,12,却又为母亲的户口难以落户而发愁,高兴之余,false
137,13,13,却又为母亲的户口难以落户而发愁,却又为母亲的户口难以落户而发愁,true
139,18,1,非常高兴,从母亲口中得知,false
139,18,2,非常高兴,当年家境贫困,false
139,18,3,非常高兴,父亲又经常不在家,false
139,18,4,非常高兴,生活压力大,false
139,18,5,非常高兴,精神恍惚的母亲就选择了离家出走,false
139,18,6,非常高兴,幸好被孟庄镇碾卢村一好心人收留,false
139,18,7,非常高兴,一直在河南生活了25年,false
139,18,8,非常高兴,63岁的李桂英头发已经花白,false
139,18,9,非常高兴,说起话来已有些河南口音,false
139,18,10,非常高兴,她说,false
139,18,11,非常高兴,当年离家时不到40岁,false
139,18,12,非常高兴,这么多年,false
139,18,13,非常高兴,一直很想念儿子和家里,false
139,18,14,非常高兴,想寻找,false
139,18,15,非常高兴,但出门就找不到东西南北,false
139,18,16,非常高兴,自己又不识字,false
139,18,17,非常高兴,现在终于回家了,true
139,18,18,非常高兴,非常高兴,false
140,4,1,被他的执着所感动,昨日,false
140,4,2,被他的执着所感动,记者联系上了刘安良在韩城一煤矿打工时的工友徐某,false
140,4,3,被他的执着所感动,他说当时得知刘安良寻母的事情,false
140,4,4,被他的执着所感动,被他的执着所感动,true
140,4,5,被他的执着所感动,平时与河南老家联系时,false
140,4,6,被他的执着所感动,也托熟人帮忙打听刘安良母亲的下落,false
141,7,1,母亲也特别喜欢这个儿媳妇,庞先生说,false
141,7,2,母亲也特别喜欢这个儿媳妇,母亲和妻子以前就对脾气,false
141,7,3,母亲也特别喜欢这个儿媳妇,两人都是过日子的人,false
141,7,4,母亲也特别喜欢这个儿媳妇,以前有时候母亲会说妻子,false
141,7,5,母亲也特别喜欢这个儿媳妇,但她都是一笑而过,false
141,7,6,母亲也特别喜欢这个儿媳妇,两人基本没吵过嘴,true
141,7,7,母亲也特别喜欢这个儿媳妇,母亲也特别喜欢这个儿媳妇,false
141,7,8,母亲也特别喜欢这个儿媳妇,现在妻子照顾母亲也是无微不至,false
141,7,9,母亲也特别喜欢这个儿媳妇,虽然母亲已经没有意识,false
141,7,10,母亲也特别喜欢这个儿媳妇,但还是只认她,false
142,21,1,情绪暴躁激动,意外在上午10点发生,false
142,21,2,情绪暴躁激动,高空坠下的钢筋从周兴贵身边滑落,false
142,21,3,情绪暴躁激动,将他从3楼拽下,false
142,21,4,情绪暴躁激动,直接摔到了地面,false
142,21,5,情绪暴躁激动,重伤昏迷的周兴贵被送往南京军区福州总医院,false
142,21,6,情绪暴躁激动,入院时,false
142,21,7,情绪暴躁激动,右手上臂骨折,false
142,21,8,情绪暴躁激动,一处肋骨骨折,false
142,21,9,情绪暴躁激动,肺部受创导致血气胸,false
142,21,10,情绪暴躁激动,医院紧急为其做了肺部引流手术,false
142,21,11,情绪暴躁激动,导出血水,false
142,21,12,情绪暴躁激动,入院第4天时,false
142,21,13,情绪暴躁激动,周兴贵支付的1万多元费用花光,false
142,21,14,情绪暴躁激动,并欠下心胸外科4000多元治疗费,false
142,21,15,情绪暴躁激动,若要接受右上臂骨折治疗手术,false
142,21,16,情绪暴躁激动,手术费预计还需7万元,false
142,21,17,情绪暴躁激动,当家人再度联系房主和包工头时,false
142,21,18,情绪暴躁激动,两人电话均已关机,false
142,21,19,情绪暴躁激动,处于失联状态,false
142,21,20,情绪暴躁激动,即将面临停药的周兴贵,true
142,21,21,情绪暴躁激动,情绪暴躁激动,false
143,6,1,倪琼做出了令她至今愧疚不已的事她背着不满周岁的女儿,出事后,false
143,6,2,倪琼做出了令她至今愧疚不已的事她背着不满周岁的女儿,周兴贵34岁的妻子倪琼带着3个女儿每天守在病房,false
143,6,3,倪琼做出了令她至今愧疚不已的事她背着不满周岁的女儿,丈夫面临的困境一度令她绝望,false
143,6,4,倪琼做出了令她至今愧疚不已的事她背着不满周岁的女儿,14日上午,false
143,6,5,倪琼做出了令她至今愧疚不已的事她背着不满周岁的女儿,看着痛得几乎昏迷的丈夫,false
143,6,6,倪琼做出了令她至今愧疚不已的事她背着不满周岁的女儿,倪琼做出了令她至今愧疚不已的事她背着不满周岁的女儿,false
143,6,7,倪琼做出了令她至今愧疚不已的事她背着不满周岁的女儿,去了医院附近的打印店,false
143,6,8,倪琼做出了令她至今愧疚不已的事她背着不满周岁的女儿,随后跑向闹市区,false
143,6,9,倪琼做出了令她至今愧疚不已的事她背着不满周岁的女儿,在福州总院公交站旁一连跪了4个小时,false
143,6,10,倪琼做出了令她至今愧疚不已的事她背着不满周岁的女儿,她手上的几张彩印传单很快引起了人们的关注,false
143,6,11,倪琼做出了令她至今愧疚不已的事她背着不满周岁的女儿,红字标题醒目地写着求买孩子,false
143,6,12,倪琼做出了令她至今愧疚不已的事她背着不满周岁的女儿,工伤老板逃跑,false
143,6,13,倪琼做出了令她至今愧疚不已的事她背着不满周岁的女儿,无钱医治,false
143,6,14,倪琼做出了令她至今愧疚不已的事她背着不满周岁的女儿,愿将孩子卖了,true
143,6,15,倪琼做出了令她至今愧疚不已的事她背着不满周岁的女儿,救救爸爸,false
143,3,1,丈夫面临的困境一度令她绝望,出事后,false
143,3,2,丈夫面临的困境一度令她绝望,周兴贵34岁的妻子倪琼带着3个女儿每天守在病房,false
143,3,3,丈夫面临的困境一度令她绝望,丈夫面临的困境一度令她绝望,true
143,3,4,丈夫面临的困境一度令她绝望,14日上午,false
143,3,5,丈夫面临的困境一度令她绝望,看着痛得几乎昏迷的丈夫,false
143,3,6,丈夫面临的困境一度令她绝望,倪琼做出了令她至今愧疚不已的事她背着不满周岁的女儿,false
143,3,7,丈夫面临的困境一度令她绝望,去了医院附近的打印店,false
143,3,8,丈夫面临的困境一度令她绝望,随后跑向闹市区,false
143,3,9,丈夫面临的困境一度令她绝望,在福州总院公交站旁一连跪了4个小时,false
143,3,10,丈夫面临的困境一度令她绝望,她手上的几张彩印传单很快引起了人们的关注,false
143,3,11,丈夫面临的困境一度令她绝望,红字标题醒目地写着求买孩子,false
143,3,12,丈夫面临的困境一度令她绝望,工伤老板逃跑,false
143,3,13,丈夫面临的困境一度令她绝望,无钱医治,false
143,3,14,丈夫面临的困境一度令她绝望,愿将孩子卖了,false
143,3,15,丈夫面临的困境一度令她绝望,救救爸爸,false
145,3,1,令其意外并满怀感激,就在周兴贵一家以为事情就此为止时,false
145,3,2,令其意外并满怀感激,接下来发生的事,true
145,3,3,令其意外并满怀感激,令其意外并满怀感激,false
145,3,4,令其意外并满怀感激,但也有些不知所措,false
145,3,5,令其意外并满怀感激,5天收到捐款120多万从15日开始,false
145,3,6,令其意外并满怀感激,周兴贵的手机短信提示声不停响起,false
145,3,7,令其意外并满怀感激,一笔笔爱心善款从全国各地涌来,false
145,3,8,令其意外并满怀感激,15日,false
145,3,9,令其意外并满怀感激,周兴贵就收到爱心捐款10万元,false
145,3,10,令其意外并满怀感激,接下来两天,false
145,3,11,令其意外并满怀感激,都有约50万元善款汇入,false
145,3,12,令其意外并满怀感激,捐款者多达3000余人,false
145,3,13,令其意外并满怀感激,捐款最多的一笔是10万元,false
145,3,14,令其意外并满怀感激,这位广东男子并未留下姓名,false
145,3,15,令其意外并满怀感激,无论周家人如何询问感激,false
145,3,16,令其意外并满怀感激,他都没透露自己的任何信息,false
146,2,1,被前女友骗走存款而怨恨单身年轻女性,拥有名牌大学硕士学历和万元月薪的银行工作岗位的智某,false
146,2,2,被前女友骗走存款而怨恨单身年轻女性,被前女友骗走存款而怨恨单身年轻女性,true
146,2,3,被前女友骗走存款而怨恨单身年轻女性,以假恋爱的方式连续诈骗多名事主百余万元,false
146,2,4,被前女友骗走存款而怨恨单身年轻女性,记者21日从北京警方了解到,false
146,2,5,被前女友骗走存款而怨恨单身年轻女性,智某涉嫌诈骗已被警方刑事拘留,false
147,12,1,他被当时的女友骗走了30万元的存款后产生怨恨之心,今年12月11日,false
147,12,2,他被当时的女友骗走了30万元的存款后产生怨恨之心,北京市公安局东城分局北京站派出所接到报警,false
147,12,3,他被当时的女友骗走了30万元的存款后产生怨恨之心,一女子称10日晚在附近一酒店内,false
147,12,4,他被当时的女友骗走了30万元的存款后产生怨恨之心,被自己的男朋友以帮助办理北京户口为骗走5万元,false
147,12,5,他被当时的女友骗走了30万元的存款后产生怨恨之心,民警赶到案发酒店,false
147,12,6,他被当时的女友骗走了30万元的存款后产生怨恨之心,将尚未办理退房手续的嫌疑人智某抓获,false
147,12,7,他被当时的女友骗走了30万元的存款后产生怨恨之心,智某今年31岁,false
147,12,8,他被当时的女友骗走了30万元的存款后产生怨恨之心,某名牌大学硕士研究生毕业后,false
147,12,9,他被当时的女友骗走了30万元的存款后产生怨恨之心,在一家银行工作,false
147,12,10,他被当时的女友骗走了30万元的存款后产生怨恨之心,智某交代,false
147,12,11,他被当时的女友骗走了30万元的存款后产生怨恨之心,5年前,false
147,12,12,他被当时的女友骗走了30万元的存款后产生怨恨之心,他被当时的女友骗走了30万元的存款后产生怨恨之心,true
147,12,13,他被当时的女友骗走了30万元的存款后产生怨恨之心,在多家交友网站论坛上,false
147,12,14,他被当时的女友骗走了30万元的存款后产生怨恨之心,虚构官二代富二代等身份公开征友,false
147,12,15,他被当时的女友骗走了30万元的存款后产生怨恨之心,先后获取5名事主的信任,false
147,12,16,他被当时的女友骗走了30万元的存款后产生怨恨之心,随后,false
147,12,17,他被当时的女友骗走了30万元的存款后产生怨恨之心,智某先后以公司财务困难帮助办理户口父母治病等不同理,false
147,12,18,他被当时的女友骗走了30万元的存款后产生怨恨之心,从5名事主手中骗取100余万元,false
148,7,1,小海池已经煎熬了17个月,昨天下午,false
148,7,2,小海池已经煎熬了17个月,郑州大学一附院急救中心12号楼5楼小儿内屋血液科22床,false
148,7,3,小海池已经煎熬了17个月,陈水莲静静地坐在病床旁,false
148,7,4,小海池已经煎熬了17个月,她9岁的儿子袁海池发着烧,false
148,7,5,小海池已经煎熬了17个月,昏睡在一旁,false
148,7,6,小海池已经煎熬了17个月,从确诊为骨髓异常增生综合征以来,true
148,7,7,小海池已经煎熬了17个月,小海池已经煎熬了17个月,false
148,7,8,小海池已经煎熬了17个月,5天前,false
148,7,9,小海池已经煎熬了17个月,小海池病情加重,false
148,7,10,小海池已经煎熬了17个月,被确诊为急性骨髓系白血病,false
149,12,1,但同时又有顾虑,敬遂东是一名普通工人,false
149,12,2,但同时又有顾虑,先后5次无偿献血,false
149,12,3,但同时又有顾虑,2013年4月加入中华骨髓库,false
149,12,4,但同时又有顾虑,成为造血干细胞捐献志愿者,false
149,12,5,但同时又有顾虑,今年2月,false
149,12,6,但同时又有顾虑,中华骨髓库检索得出,false
149,12,7,但同时又有顾虑,比利时一名白血病患者与敬遂东骨髓配型相合,false
149,12,8,但同时又有顾虑,新郑市红会的工作人员高先生回忆,false
149,12,9,但同时又有顾虑,得知配型成功,false
149,12,10,但同时又有顾虑,他们第一次找到敬遂东时,false
149,12,11,但同时又有顾虑,敬遂东说想救这个人,false
149,12,12,但同时又有顾虑,但同时又有顾虑,false
149,12,13,但同时又有顾虑,担心抽骨髓会对自己身体有影响,true
149,12,14,但同时又有顾虑,还要到北京去一个星期,false
149,12,15,但同时又有顾虑,也不放心家中的父母与儿女,false
150,16,1,他的心里都暖暖的,小梅,false
150,16,2,他的心里都暖暖的,你记不记得,false
150,16,3,他的心里都暖暖的,我们说好的,false
150,16,4,他的心里都暖暖的,今年过年就回老家结婚生孩子,false
150,16,5,他的心里都暖暖的,我们自己造个新房,false
150,16,6,他的心里都暖暖的,好好过日子,false
150,16,7,他的心里都暖暖的,爱情片经典桥段,false
150,16,8,他的心里都暖暖的,在台州市第一人民医院病房真实上演贵州小伙沈岚给病床上的女孩按着脚,false
150,16,9,他的心里都暖暖的,嘴里说个不停,false
150,16,10,他的心里都暖暖的,女友注视着他,false
150,16,11,他的心里都暖暖的,静静地听着,false
150,16,12,他的心里都暖暖的,偶尔动一动手指,false
150,16,13,他的心里都暖暖的,大概是表示赞同,false
150,16,14,他的心里都暖暖的,医院神经外科副主任医师杨明说,false
150,16,15,他的心里都暖暖的,每次看到这样的场面,true
150,16,16,他的心里都暖暖的,他的心里都暖暖的,false
151,5,1,心里难受得无法形容,园园走了,true
151,5,2,心里难受得无法形容,一起并肩战斗4年零5个月,false
151,5,3,心里难受得无法形容,想起她的欢声笑语,false
151,5,4,心里难受得无法形容,百感交集,false
151,5,5,心里难受得无法形容,心里难受得无法形容,false
151,5,6,心里难受得无法形容,昨日下午,false
151,5,7,心里难受得无法形容,郑州电视台903室,false
151,5,8,心里难受得无法形容,31岁的制片人李海龙眼圈红红的,false
151,5,9,心里难受得无法形容,2010年7月,false
151,5,10,心里难受得无法形容,郑州电视台面向全国进行了一场主持人公开招聘选拔大赛,false
151,5,11,心里难受得无法形容,身材高挑浓眉大眼口齿伶俐温婉可人的邱园园进入评委们的视野,false
151,5,12,心里难受得无法形容,这个来自山东临沂的漂亮女孩,false
151,5,13,心里难受得无法形容,出生于1988年9月,false
151,5,14,心里难受得无法形容,刚刚从中国传媒大学南广学院科班毕业,false
151,5,15,心里难受得无法形容,在上千名选手中脱颖而出,false
151,5,16,心里难受得无法形容,其实,false
151,5,17,心里难受得无法形容,她之加盟郑州电视台,false
151,5,18,心里难受得无法形容,缘于一场刻骨铭心的校园爱情,false
152,3,1,俩人及其亲朋好友都沉浸在兴奋和快乐中,3月份前后,false
152,3,2,俩人及其亲朋好友都沉浸在兴奋和快乐中,园园怀孕了,true
152,3,3,俩人及其亲朋好友都沉浸在兴奋和快乐中,俩人及其亲朋好友都沉浸在兴奋和快乐中,false
152,3,4,俩人及其亲朋好友都沉浸在兴奋和快乐中,谁也没想到,false
152,3,5,俩人及其亲朋好友都沉浸在兴奋和快乐中,一场突如其来的噩耗竟然残忍地结束了这一切,false
152,3,6,俩人及其亲朋好友都沉浸在兴奋和快乐中,在一次初期孕检中,false
152,3,7,俩人及其亲朋好友都沉浸在兴奋和快乐中,园园被意外查出患上了恶性肿瘤,false
152,3,8,俩人及其亲朋好友都沉浸在兴奋和快乐中,而且是中晚期,false
152,3,9,俩人及其亲朋好友都沉浸在兴奋和快乐中,结婚之后,false
152,3,10,俩人及其亲朋好友都沉浸在兴奋和快乐中,当妈妈是她最大的心愿,false
152,3,11,俩人及其亲朋好友都沉浸在兴奋和快乐中,昨日下午,false
152,3,12,俩人及其亲朋好友都沉浸在兴奋和快乐中,园园的丈夫张祺宣说,false
152,3,13,俩人及其亲朋好友都沉浸在兴奋和快乐中,初为父母的满腔喜悦被妻子的病情给打击得不知所措,false
152,3,14,俩人及其亲朋好友都沉浸在兴奋和快乐中,漫漫长夜里,false
152,3,15,俩人及其亲朋好友都沉浸在兴奋和快乐中,两人相互拥抱,false
152,3,16,俩人及其亲朋好友都沉浸在兴奋和快乐中,泪流满面,false
152,13,1,初为父母的满腔喜悦被妻子的病情给打击得不知所措,3月份前后,false
152,13,2,初为父母的满腔喜悦被妻子的病情给打击得不知所措,园园怀孕了,false
152,13,3,初为父母的满腔喜悦被妻子的病情给打击得不知所措,俩人及其亲朋好友都沉浸在兴奋和快乐中,false
152,13,4,初为父母的满腔喜悦被妻子的病情给打击得不知所措,谁也没想到,false
152,13,5,初为父母的满腔喜悦被妻子的病情给打击得不知所措,一场突如其来的噩耗竟然残忍地结束了这一切,false
152,13,6,初为父母的满腔喜悦被妻子的病情给打击得不知所措,在一次初期孕检中,false
152,13,7,初为父母的满腔喜悦被妻子的病情给打击得不知所措,园园被意外查出患上了恶性肿瘤,false
152,13,8,初为父母的满腔喜悦被妻子的病情给打击得不知所措,而且是中晚期,false
152,13,9,初为父母的满腔喜悦被妻子的病情给打击得不知所措,结婚之后,false
152,13,10,初为父母的满腔喜悦被妻子的病情给打击得不知所措,当妈妈是她最大的心愿,false
152,13,11,初为父母的满腔喜悦被妻子的病情给打击得不知所措,昨日下午,false
152,13,12,初为父母的满腔喜悦被妻子的病情给打击得不知所措,园园的丈夫张祺宣说,false
152,13,13,初为父母的满腔喜悦被妻子的病情给打击得不知所措,初为父母的满腔喜悦被妻子的病情给打击得不知所措,true
152,13,14,初为父母的满腔喜悦被妻子的病情给打击得不知所措,漫漫长夜里,false
152,13,15,初为父母的满腔喜悦被妻子的病情给打击得不知所措,两人相互拥抱,false
152,13,16,初为父母的满腔喜悦被妻子的病情给打击得不知所措,泪流满面,false
154,8,1,她现在最发愁的,母亲张自慧说,false
154,8,2,她现在最发愁的,女儿得病很不幸,false
154,8,3,她现在最发愁的,但他们一家人又幸运地遇到很多好人,false
154,8,4,她现在最发愁的,她现在在医院当保洁员,false
154,8,5,她现在最发愁的,是医院医护人员看她可怜,false
154,8,6,她现在最发愁的,帮她找的工作,false
154,8,7,她现在最发愁的,张自慧说,false
154,8,8,她现在最发愁的,她现在最发愁的,false
154,8,9,她现在最发愁的,就是女儿后续治疗费用,true
154,8,10,她现在最发愁的,如果要根治这个病,false
154,8,11,她现在最发愁的,就得进行肾脏移植手术,false
154,8,12,她现在最发愁的,要30万元,false
154,8,13,她现在最发愁的,我们实在拿不出来,false
155,7,1,家人的不离不弃更让人感动,还有好心人说,false
155,7,2,家人的不离不弃更让人感动,如果武小莉能找到合适的肾源,false
155,7,3,家人的不离不弃更让人感动,愿意为她筹集手术费用,false
155,7,4,家人的不离不弃更让人感动,已收到4000元爱心捐款了,false
155,7,5,家人的不离不弃更让人感动,邱华说,false
155,7,6,家人的不离不弃更让人感动,这个孩子求生的愿望让人震撼,false
155,7,7,家人的不离不弃更让人感动,家人的不离不弃更让人感动,true
155,7,8,家人的不离不弃更让人感动,希望社会上的爱心人士伸出援手,false
155,7,9,家人的不离不弃更让人感动,帮帮这个困难的家庭,false
156,5,1,老人一怒之下,家住烟台市区生养了7个子女四男三女的九旬老人王瑜娥怎么也想不到,false
156,5,2,老人一怒之下,含辛茹苦地将孩子们拉扯成人,false
156,5,3,老人一怒之下,在她生活不能自理的时候,false
156,5,4,老人一怒之下,四个儿子不仅不伺候照顾小儿子还将她的胳膊打断,true
156,5,5,老人一怒之下,老人一怒之下,false
156,5,6,老人一怒之下,将四个儿子告上法庭,false
156,5,7,老人一怒之下,申请增加赡养费,false
156,5,8,老人一怒之下,并要求支付护理费,false
157,15,1,心灰意冷,2009年底,false
157,15,2,心灰意冷,陪刘某回邵东老家见父母后,false
157,15,3,心灰意冷,刘伟人间蒸发,false
157,15,4,心灰意冷,在刘某的再三追问下,false
157,15,5,心灰意冷,刘伟道出实情盗窃被抓,false
157,15,6,心灰意冷,关在衡阳监狱,false
157,15,7,心灰意冷,2010年至2014年,false
157,15,8,心灰意冷,刘伟以身体不好需要治疗每月需要生活费为,false
157,15,9,心灰意冷,让刘某每月向刘伟提供的银行账号汇款,false
157,15,10,心灰意冷,经过近5年的汇款,false
157,15,11,心灰意冷,刘某不但花光了所有的积蓄,false
157,15,12,心灰意冷,转让了理发店,false
157,15,13,心灰意冷,而且借了不少债务,false
157,15,14,心灰意冷,遥遥无期的等待中刘某感到刘伟释放无望,true
157,15,15,心灰意冷,心灰意冷,false
158,16,1,很多教职员工感到吃惊,举报事件发生之后,false
158,16,2,很多教职员工感到吃惊,学院领导和段雄春作了谈话,false
158,16,3,很多教职员工感到吃惊,段雄春承认感情出轨,false
158,16,4,很多教职员工感到吃惊,称对方是一名经济宽裕的离异中年妇女,false
158,16,5,很多教职员工感到吃惊,50岁左右,false
158,16,6,很多教职员工感到吃惊,户籍和工作关系均不在东莞,false
158,16,7,很多教职员工感到吃惊,该工作人员称,false
158,16,8,很多教职员工感到吃惊,其与段雄春夫妇都很熟,false
158,16,9,很多教职员工感到吃惊,段雄春的妻子也是学院教职员工,false
158,16,10,很多教职员工感到吃惊,段雄春曾经请求学院处理此事的工作人员,false
158,16,11,很多教职员工感到吃惊,帮忙抚慰其妻子的情绪,false
158,16,12,很多教职员工感到吃惊,27日下午5点来钟,false
158,16,13,很多教职员工感到吃惊,记者接东莞理工学院一教授电话,false
158,16,14,很多教职员工感到吃惊,称当天下午的教职工会上,false
158,16,15,很多教职员工感到吃惊,学院纪委书记谈到段雄春涉婚外情遭举报的事情,true
158,16,16,很多教职员工感到吃惊,很多教职员工感到吃惊,false
159,17,1,他非常欣慰,今年年初,false
159,17,2,他非常欣慰,海曙月湖街道办事处副主任陈永照获知了黄老的微心愿后,false
159,17,3,他非常欣慰,下决心要传承老人的爱心,false
159,17,4,他非常欣慰,帮他圆梦资助500个贫困孩子上学,false
159,17,5,他非常欣慰,说做就做,false
159,17,6,他非常欣慰,今年1月份,false
159,17,7,他非常欣慰,黄爷爷爱心助学基金在月湖街道成立了,false
159,17,8,他非常欣慰,通过企业捐资党员青年志愿者们爱心义卖热心市民捐款等,false
159,17,9,他非常欣慰,到目前为止,false
159,17,10,他非常欣慰,这个基金已经募集了爱心款15.5万元,false
159,17,11,他非常欣慰,昨天,false
159,17,12,他非常欣慰,是黄爷爷爱心助学基金正式运行的日子基金通过海曙团区委的牵线搭桥,false
159,17,13,他非常欣慰,决定为青海天峻县的58位品学兼优的贫困孩子捐资一年爱心午餐,false
159,17,14,他非常欣慰,每个孩子每年600元,false
159,17,15,他非常欣慰,共计3.48万元,false
159,17,16,他非常欣慰,当大家把这个好消息告诉黄老时,true
159,17,17,他非常欣慰,他非常欣慰,false
160,7,1,后悔不已的老吴不停地自责,最初的那几天,false
160,7,2,后悔不已的老吴不停地自责,老吴几乎每晚都无法入睡,false
160,7,3,后悔不已的老吴不停地自责,心情糟糕到了极点,false
160,7,4,后悔不已的老吴不停地自责,那时我连甩了自己几个耳光,false
160,7,5,后悔不已的老吴不停地自责,如果没有这些荒唐的行为,true
160,7,6,后悔不已的老吴不停地自责,怎么可能这样,false
160,7,7,后悔不已的老吴不停地自责,后悔不已的老吴不停地自责,false
160,7,8,后悔不已的老吴不停地自责,明白幸福真谛想到父母和女儿,false
160,7,9,后悔不已的老吴不停地自责,老吴明白自己不能垮,false
160,7,10,后悔不已的老吴不停地自责,慢慢拾起了对生活的信心,false
161,17,1,自己也害怕了,扬子晚报记者从秦淮公安分局光华路派出所了解到,false
161,17,2,自己也害怕了,着火的房间位于一幢11层高的居民楼的顶层,false
161,17,3,自己也害怕了,远远地就能见到火光冲天,false
161,17,4,自己也害怕了,浓烟滚滚,false
161,17,5,自己也害怕了,失火的居民家中有煤气管道及大量的易燃物品,false
161,17,6,自己也害怕了,大火扑灭后,false
161,17,7,自己也害怕了,经过警方现场的调查,false
161,17,8,自己也害怕了,租住在失火房间内的女子陈某有纵火的嫌疑,false
161,17,9,自己也害怕了,民警在火灾现场找到了陈某,false
161,17,10,自己也害怕了,陈某也承认了自己放火的事实,false
161,17,11,自己也害怕了,陈某称,false
161,17,12,自己也害怕了,自己和男朋友感情非常好,false
161,17,13,自己也害怕了,可是前段时间男朋友向她提出了分手,false
161,17,14,自己也害怕了,她接受不了,false
161,17,15,自己也害怕了,这才在租住的房屋内点燃了被子,false
161,17,16,自己也害怕了,没想到火势越来越大,true
161,17,17,自己也害怕了,自己也害怕了,false
161,17,18,自己也害怕了,控制不住火势就将大门一关,false
161,17,19,自己也害怕了,跑下了楼,false
162,5,1,当民警赶到时看到了让人震惊的一幕,2014年11月10日上午11时52分,false
162,5,2,当民警赶到时看到了让人震惊的一幕,沙湾县公安局四道河子派出所接到辖区外来务工人员许某电话报警称自己快要被妻子打死了,false
162,5,3,当民警赶到时看到了让人震惊的一幕,请求派出所民警救救他,false
162,5,4,当民警赶到时看到了让人震惊的一幕,值班民警迅速赶许某所述地点,false
162,5,5,当民警赶到时看到了让人震惊的一幕,当民警赶到时看到了让人震惊的一幕,false
162,5,6,当民警赶到时看到了让人震惊的一幕,一名30多岁的男子蜷缩在角落上身赤裸并伴随着全身青紫的伤痕,true
162,5,7,当民警赶到时看到了让人震惊的一幕,眼神透露着绝望的表情,false
162,5,8,当民警赶到时看到了让人震惊的一幕,看到此景,false
162,5,9,当民警赶到时看到了让人震惊的一幕,民警立即将该男子送往镇卫生院救治,false
163,8,1,眼神透露着绝望的表情,2014年11月10日上午11时52分,false
163,8,2,眼神透露着绝望的表情,沙湾县公安局四道河子派出所接到辖区外来务工人员许某电话报警称自己快要被妻子打死了,false
163,8,3,眼神透露着绝望的表情,请求派出所民警救救他,false
163,8,4,眼神透露着绝望的表情,值班民警迅速赶许某所述地点,false
163,8,5,眼神透露着绝望的表情,当民警赶到时看到了让人震惊的一幕,false
163,8,6,眼神透露着绝望的表情,一名30多岁的男子蜷缩在角落,false
163,8,7,眼神透露着绝望的表情,上身赤裸并伴随着全身青紫的伤痕,true
163,8,8,眼神透露着绝望的表情,眼神透露着绝望的表情,false
163,8,9,眼神透露着绝望的表情,看到此景,false
163,8,10,眼神透露着绝望的表情,民警立即将该男子送往镇卫生院救治,false
164,5,1,高兴的从老家赶来,就在许某憧憬着美好的未来时,false
164,5,2,高兴的从老家赶来,谁知噩梦也悄悄来临,false
164,5,3,高兴的从老家赶来,第一次遭遇家暴是婚后不久的春节期间,false
164,5,4,高兴的从老家赶来,许某的老母亲听说儿子在新疆结婚了,true
164,5,5,高兴的从老家赶来,高兴的从老家赶来,false
164,5,6,高兴的从老家赶来,想看看已过门的儿媳妇,false
164,5,7,高兴的从老家赶来,谁知一进家门就看到自己的儿子在收拾房子擦地,false
164,5,8,高兴的从老家赶来,儿媳王某去串门打麻将去了,false
164,5,9,高兴的从老家赶来,许某的老母亲即难过又心疼,false
164,5,10,高兴的从老家赶来,就立刻放下行李帮儿子收拾起家务来,false
165,8,1,许某的老母亲即难过又心疼,就在许某憧憬着美好的未来时,false
165,8,2,许某的老母亲即难过又心疼,谁知噩梦也悄悄来临,false
165,8,3,许某的老母亲即难过又心疼,第一次遭遇家暴是婚后不久的春节期间,false
165,8,4,许某的老母亲即难过又心疼,许某的老母亲听说儿子在新疆结婚了,false
165,8,5,许某的老母亲即难过又心疼,高兴的从老家赶来,false
165,8,6,许某的老母亲即难过又心疼,想看看已过门的儿媳妇,false
165,8,7,许某的老母亲即难过又心疼,谁知一进家门就看到自己的儿子在收拾房子擦地儿媳王某去串门打麻将去了,true
165,8,8,许某的老母亲即难过又心疼,许某的老母亲即难过又心疼,false
165,8,9,许某的老母亲即难过又心疼,就立刻放下行李帮儿子收拾起家务来,false
166,7,1,每天哭闹不停,9岁时,false
166,7,2,每天哭闹不停,家贫寄养被拐卖1959年,false
166,7,3,每天哭闹不停,王小梅的父母迫于生活的无奈,false
166,7,4,每天哭闹不停,只能将年仅9岁的三女儿王小梅抱给村里的邻居寄养,false
166,7,5,每天哭闹不停,不料邻居将王小梅拐卖到了陕西省咸阳市一个偏僻的村庄里,false
166,7,6,每天哭闹不停,王小梅知道自己被拐后,true
166,7,7,每天哭闹不停,每天哭闹不停,false
166,7,8,每天哭闹不停,时刻思念着远方的亲人,false
166,7,9,每天哭闹不停,噩梦并未结束,false
166,7,10,每天哭闹不停,王小梅又再次被转卖到甘肃省庆阳市宁县一个更加偏远的村庄里,false
166,7,11,每天哭闹不停,在这个村庄里,false
166,7,12,每天哭闹不停,王小梅受尽了折磨,false
166,7,13,每天哭闹不停,吃尽了苦头,false
167,10,1,王小梅过上了幸福的生活,噩梦并未结束,false
167,10,2,王小梅过上了幸福的生活,王小梅又再次被转卖到甘肃省庆阳市宁县一个更加偏远的村庄里,false
167,10,3,王小梅过上了幸福的生活,在这个村庄里,false
167,10,4,王小梅过上了幸福的生活,王小梅受尽了折磨,false
167,10,5,王小梅过上了幸福的生活,吃尽了苦头,false
167,10,6,王小梅过上了幸福的生活,一次偶然的机会,false
167,10,7,王小梅过上了幸福的生活,王小梅偷偷跑出向当地政府求救,false
167,10,8,王小梅过上了幸福的生活,并被一位好心市民收养,false
167,10,9,王小梅过上了幸福的生活,在养父一家的帮助下,true
167,10,10,王小梅过上了幸福的生活,王小梅过上了幸福的生活,false
167,10,11,王小梅过上了幸福的生活,此后以优异的成绩考入大学,false
167,10,12,王小梅过上了幸福的生活,毕业后进入兰州某医院工作,false
167,10,13,王小梅过上了幸福的生活,王小梅被拐走后,false
167,10,14,王小梅过上了幸福的生活,其母亲袁某珍悔恨不已,false
167,10,15,王小梅过上了幸福的生活,多次到四川成都资阳简阳等地寻找女儿,false
167,10,16,王小梅过上了幸福的生活,但都杳无音讯,false
167,10,17,王小梅过上了幸福的生活,袁某珍从此陷入对女儿的无尽思念之中,false
167,14,1,其母亲袁某珍悔恨不已,噩梦并未结束,false
167,14,2,其母亲袁某珍悔恨不已,王小梅又再次被转卖到甘肃省庆阳市宁县一个更加偏远的村庄里,false
167,14,3,其母亲袁某珍悔恨不已,在这个村庄里,false
167,14,4,其母亲袁某珍悔恨不已,王小梅受尽了折磨,false
167,14,5,其母亲袁某珍悔恨不已,吃尽了苦头,false
167,14,6,其母亲袁某珍悔恨不已,一次偶然的机会,false
167,14,7,其母亲袁某珍悔恨不已,王小梅偷偷跑出向当地政府求救,false
167,14,8,其母亲袁某珍悔恨不已,并被一位好心市民收养,false
167,14,9,其母亲袁某珍悔恨不已,在养父一家的帮助下,false
167,14,10,其母亲袁某珍悔恨不已,王小梅过上了幸福的生活,false
167,14,11,其母亲袁某珍悔恨不已,此后以优异的成绩考入大学,false
167,14,12,其母亲袁某珍悔恨不已,毕业后进入兰州某医院工作,false
167,14,13,其母亲袁某珍悔恨不已,王小梅被拐走后,true
167,14,14,其母亲袁某珍悔恨不已,其母亲袁某珍悔恨不已,false
167,14,15,其母亲袁某珍悔恨不已,多次到四川成都资阳简阳等地寻找女儿,false
167,14,16,其母亲袁某珍悔恨不已,但都杳无音讯,false
167,14,17,其母亲袁某珍悔恨不已,袁某珍从此陷入对女儿的无尽思念之中,false
167,17,1,袁某珍从此陷入对女儿的无尽思念之中,噩梦并未结束,false
167,17,2,袁某珍从此陷入对女儿的无尽思念之中,王小梅又再次被转卖到甘肃省庆阳市宁县一个更加偏远的村庄里,false
167,17,3,袁某珍从此陷入对女儿的无尽思念之中,在这个村庄里,false
167,17,4,袁某珍从此陷入对女儿的无尽思念之中,王小梅受尽了折磨,false
167,17,5,袁某珍从此陷入对女儿的无尽思念之中,吃尽了苦头,false
167,17,6,袁某珍从此陷入对女儿的无尽思念之中,一次偶然的机会,false
167,17,7,袁某珍从此陷入对女儿的无尽思念之中,王小梅偷偷跑出向当地政府求救,false
167,17,8,袁某珍从此陷入对女儿的无尽思念之中,并被一位好心市民收养,false
167,17,9,袁某珍从此陷入对女儿的无尽思念之中,在养父一家的帮助下,false
167,17,10,袁某珍从此陷入对女儿的无尽思念之中,王小梅过上了幸福的生活,false
167,17,11,袁某珍从此陷入对女儿的无尽思念之中,此后以优异的成绩考入大学,false
167,17,12,袁某珍从此陷入对女儿的无尽思念之中,毕业后进入兰州某医院工作,false
167,17,13,袁某珍从此陷入对女儿的无尽思念之中,王小梅被拐走后,false
167,17,14,袁某珍从此陷入对女儿的无尽思念之中,其母亲袁某珍悔恨不已,false
167,17,15,袁某珍从此陷入对女儿的无尽思念之中,多次到四川成都资阳简阳等地寻找女儿,false
167,17,16,袁某珍从此陷入对女儿的无尽思念之中,但都杳无音讯,true
167,17,17,袁某珍从此陷入对女儿的无尽思念之中,袁某珍从此陷入对女儿的无尽思念之中,false
170,13,1,她很害怕,31日凌晨3点,false
170,13,2,她很害怕,周丽娟拿出刀对陈某说如果分手就死给你看,false
170,13,3,她很害怕,我拿着刀挥来挥去,false
170,13,4,她很害怕,他就过来抢刀,false
170,13,5,她很害怕,具体过程我回忆不起来了,false
170,13,6,她很害怕,周丽娟说,false
170,13,7,她很害怕,只记得当时她丧失了理智拿刀自残,false
170,13,8,她很害怕,陈某上来抢她的刀,false
170,13,9,她很害怕,她就往回夺,false
170,13,10,她很害怕,她也不清楚陈某的伤是怎么造成的,false
170,13,11,她很害怕,周丽娟说,false
170,13,12,她很害怕,陈某拿起电话要报警,true
170,13,13,她很害怕,她很害怕,false
170,13,14,她很害怕,就在陈某报警时扎了他脖子一刀,false
171,2,1,他自称做上门女婿的生活很压抑,1990年出生的葛宜峰和妻子结婚两个多月后闹离婚,false
171,2,2,他自称做上门女婿的生活很压抑,他自称做上门女婿的生活很压抑,true
171,2,3,他自称做上门女婿的生活很压抑,烦闷之中在车里将妻子杀死,false
171,2,4,他自称做上门女婿的生活很压抑,昨天上午,false
171,2,5,他自称做上门女婿的生活很压抑,葛宜峰涉嫌意杀人罪在市二中院受审,false
171,2,6,他自称做上门女婿的生活很压抑,其岳父母向其索赔106万余元,false
171,2,7,他自称做上门女婿的生活很压抑,并要求判处极刑,false
172,8,1,婚后的家庭生活让他很压抑,今年2月5日,false
172,8,2,婚后的家庭生活让他很压抑,正月初六,false
172,8,3,婚后的家庭生活让他很压抑,他和同岁的同乡陈某结婚,false
172,8,4,婚后的家庭生活让他很压抑,随后来到北京,false
172,8,5,婚后的家庭生活让他很压抑,住在岳父母位于大兴区黄村镇的出租屋内,false
172,8,6,婚后的家庭生活让他很压抑,做起了上门女婿,false
172,8,7,婚后的家庭生活让他很压抑,葛宜峰说,false
172,8,8,婚后的家庭生活让他很压抑,婚后的家庭生活让他很压抑,false
172,8,9,婚后的家庭生活让他很压抑,他和岳母关系不融洽,true
172,8,10,婚后的家庭生活让他很压抑,结婚当天就琐事被岳母骂了一顿,false
172,8,11,婚后的家庭生活让他很压抑,他为此发过微信朋友圈这婚结的,false
172,8,12,婚后的家庭生活让他很压抑,一点高兴的理都没有,false
173,6,1,这让他很愤怒,4月27日,false
173,6,2,这让他很愤怒,陈某早上出门,false
173,6,3,这让他很愤怒,葛宜峰说,false
173,6,4,这让他很愤怒,他在家还未起床,false
173,6,5,这让他很愤怒,就听到岳母不停地数落他和他的家人称他配不上她的女儿,true
173,6,6,这让他很愤怒,这让他很愤怒,false
173,6,7,这让他很愤怒,他说自己给妻子发短信,false
173,6,8,这让他很愤怒,说被岳母骂,false
173,6,9,这让他很愤怒,妻子回复我妈就那样,false
173,6,10,这让他很愤怒,过了一会儿,false
173,6,11,这让他很愤怒,妻子回家,false
173,6,12,这让他很愤怒,扔他的衣服,false
173,6,13,这让他很愤怒,说离婚了就别住她家里,false
174,2,1,女儿的出生为黄魁吾夫妇带来了无与伦比的喜悦,49年前,false
174,2,2,女儿的出生为黄魁吾夫妇带来了无与伦比的喜悦,女儿的出生为黄魁吾夫妇带来了无与伦比的喜悦,true
174,2,3,女儿的出生为黄魁吾夫妇带来了无与伦比的喜悦,可没多久,false
174,2,4,女儿的出生为黄魁吾夫妇带来了无与伦比的喜悦,两人渐渐发现女儿似乎与其他孩子不同,false
174,2,5,女儿的出生为黄魁吾夫妇带来了无与伦比的喜悦,一天天长大的她,false
174,2,6,女儿的出生为黄魁吾夫妇带来了无与伦比的喜悦,不会坐,false
174,2,7,女儿的出生为黄魁吾夫妇带来了无与伦比的喜悦,不会爬,false
174,2,8,女儿的出生为黄魁吾夫妇带来了无与伦比的喜悦,甚至不会自己翻身,false
174,2,9,女儿的出生为黄魁吾夫妇带来了无与伦比的喜悦,奔波了多家医院后,false
174,2,10,女儿的出生为黄魁吾夫妇带来了无与伦比的喜悦,夫妇俩不得不接受女儿患有先天性脑瘫的事实,false
175,4,1,李某觉得十分委屈,2013年12月28日凌晨2时许,false
175,4,2,李某觉得十分委屈,李某和曹某二人发生争执,false
175,4,3,李某觉得十分委屈,曹某对李某进行殴打,true
175,4,4,李某觉得十分委屈,李某觉得十分委屈,false
175,4,5,李某觉得十分委屈,为吓唬男友发泄怨愤,false
175,4,6,李某觉得十分委屈,她用打火机点燃了被子,false
175,4,7,李某觉得十分委屈,一旁的曹某及时制止了李某,false
175,4,8,李某觉得十分委屈,二人继续争吵,false
175,4,9,李某觉得十分委屈,情绪失控的李某再次用打火机点燃了床单一角,false
175,4,10,李某觉得十分委屈,这次曹某没有及时制止,false
175,4,11,李某觉得十分委屈,火势迅速增大,false
175,4,12,李某觉得十分委屈,两人见状赶紧用枕头拍打,false
175,4,13,李某觉得十分委屈,并用房间内的矿泉水扑救,false
175,4,14,李某觉得十分委屈,但未能控制火势,false
176,10,1,惊讶他才获释2天就又有毒品,警方调查,false
176,10,2,惊讶他才获释2天就又有毒品,陈某31岁违反法令,false
176,10,3,惊讶他才获释2天就又有毒品,9日凌晨开着逾期未还的租赁车南下找林姓女友,false
176,10,4,惊讶他才获释2天就又有毒品,租赁公司循GPS追踪到台中太平区,false
176,10,5,惊讶他才获释2天就又有毒品,立刻报警,false
176,10,6,惊讶他才获释2天就又有毒品,当警察到场时,false
176,10,7,惊讶他才获释2天就又有毒品,陈某正好要出门,false
176,10,8,惊讶他才获释2天就又有毒品,一看到警察立刻丢弃身上的随身包,false
176,10,9,惊讶他才获释2天就又有毒品,警察拦人起出111克安非他命22克海洛,false
176,10,10,惊讶他才获释2天就又有毒品,惊讶他才获释2天就又有毒品,true
176,10,11,惊讶他才获释2天就又有毒品,且都已分装好,false
176,10,12,惊讶他才获释2天就又有毒品,有贩卖意图,false
176,10,13,惊讶他才获释2天就又有毒品,昨依法送办,false
177,2,1,留给20岁的小娟无尽的悔恨和伤痛,小雪走了,true
177,2,2,留给20岁的小娟无尽的悔恨和伤痛,留给20岁的小娟无尽的悔恨和伤痛,false
177,2,3,留给20岁的小娟无尽的悔恨和伤痛,小娟是潼南县古溪镇宝山村人,false
177,2,4,留给20岁的小娟无尽的悔恨和伤痛,小雪去世后,false
177,2,5,留给20岁的小娟无尽的悔恨和伤痛,她称愿意在自己的能力范围内就小雪的父母进行补偿,false
177,2,6,留给20岁的小娟无尽的悔恨和伤痛,现在拿不出钱来,false
177,2,7,留给20岁的小娟无尽的悔恨和伤痛,但可以用时间来弥补,false
177,2,8,留给20岁的小娟无尽的悔恨和伤痛,如果她小雪的父母不嫌弃,false
177,2,9,留给20岁的小娟无尽的悔恨和伤痛,我愿意当他们一辈子的女儿,false
177,2,10,留给20岁的小娟无尽的悔恨和伤痛,而作为一个游走在两个女孩之间26岁的阿翔,false
177,2,11,留给20岁的小娟无尽的悔恨和伤痛,事后也感到深深的自责和愧疚,false
178,6,1,在这深山中徒手凿出一条6000级的台阶太让人震撼了,真正的爱情无关年龄差距,false
178,6,2,在这深山中徒手凿出一条6000级的台阶太让人震撼了,也无关环境的好坏,false
178,6,3,在这深山中徒手凿出一条6000级的台阶太让人震撼了,来自吉尔吉斯斯坦的大二留学生星星说,false
178,6,4,在这深山中徒手凿出一条6000级的台阶太让人震撼了,这是第一次知道爱情天梯的事,false
178,6,5,在这深山中徒手凿出一条6000级的台阶太让人震撼了,但是刘国江和徐朝清的事值得向全世界分享,false
178,6,6,在这深山中徒手凿出一条6000级的台阶太让人震撼了,在这深山中徒手凿出一条6000级的台阶太让人震撼了,true
178,6,7,在这深山中徒手凿出一条6000级的台阶太让人震撼了,登山过程中一直很兴奋的星星说,false
178,6,8,在这深山中徒手凿出一条6000级的台阶太让人震撼了,将会将这个事告诉给吉尔吉斯斯坦的朋友,false
178,6,9,在这深山中徒手凿出一条6000级的台阶太让人震撼了,让他们知道在中国也有不亚于罗密欧和朱丽叶的经典爱情事,false
179,7,1,怨恨转化成杀意,今年25岁的唐某将曾是自己亲姐夫的张某变成丈夫后,false
179,7,2,怨恨转化成杀意,发现两人并不合适,false
179,7,3,怨恨转化成杀意,为寻找情感慰藉,false
179,7,4,怨恨转化成杀意,唐某在QQ上认识了24岁的谯某,false
179,7,5,怨恨转化成杀意,两人迅速发展成情人,false
179,7,6,怨恨转化成杀意,当唐某向张某提出离婚后被拒,true
179,7,7,怨恨转化成杀意,怨恨转化成杀意,false
179,7,8,怨恨转化成杀意,4月,false
179,7,9,怨恨转化成杀意,唐某和谯某一起捅伤张某并将其活埋,false
180,6,1,她就觉得有些难堪毕竟字如其人,韩小姐说,false
180,6,2,她就觉得有些难堪毕竟字如其人,不怪别人嘲笑她字体,false
180,6,3,她就觉得有些难堪毕竟字如其人,大学之后不管是学习工作大多都是用电脑和手机打字,false
180,6,4,她就觉得有些难堪毕竟字如其人,手写字确实越写越丑,false
180,6,5,她就觉得有些难堪毕竟字如其人,一遇到要手写字的场合,true
180,6,6,她就觉得有些难堪毕竟字如其人,她就觉得有些难堪毕竟字如其人,false
180,6,7,她就觉得有些难堪毕竟字如其人,有时候字体也会成为他人判断自己的标准,false
180,6,8,她就觉得有些难堪毕竟字如其人,看到字写得好的人很羡慕,false
181,5,1,但令人惊讶的是,2日晚上9点30分左右,false
181,5,2,但令人惊讶的是,丽水龙泉市凤起路上演疯狂的一幕一名女子驾车撞向路人,false
181,5,3,但令人惊讶的是,造成6人受伤,false
181,5,4,但令人惊讶的是,多车受损,false
181,5,5,但令人惊讶的是,但令人惊讶的是,false
181,5,6,但令人惊讶的是,这名女子并不是操作不当误将油门当刹车而是有意为之,true
182,20,1,这一连串的疯狂撞击可把周围的路人吓得目瞪口呆,据目击者称,false
182,20,2,这一连串的疯狂撞击可把周围的路人吓得目瞪口呆,事发当晚,false
182,20,3,这一连串的疯狂撞击可把周围的路人吓得目瞪口呆,在一家甜品店附近,false
182,20,4,这一连串的疯狂撞击可把周围的路人吓得目瞪口呆,一辆白色的比亚迪轿车突然发出一阵轰鸣声,false
182,20,5,这一连串的疯狂撞击可把周围的路人吓得目瞪口呆,随后直接冲向人群,false
182,20,6,这一连串的疯狂撞击可把周围的路人吓得目瞪口呆,将1名正在行走的男子撞飞后,false
182,20,7,这一连串的疯狂撞击可把周围的路人吓得目瞪口呆,车子并没有停下来,false
182,20,8,这一连串的疯狂撞击可把周围的路人吓得目瞪口呆,而是继续加速往前冲,false
182,20,9,这一连串的疯狂撞击可把周围的路人吓得目瞪口呆,随后,false
182,20,10,这一连串的疯狂撞击可把周围的路人吓得目瞪口呆,在将1名三轮车车夫和一排电动车撞翻后,false
182,20,11,这一连串的疯狂撞击可把周围的路人吓得目瞪口呆,车子又撞上了1名年轻男子及他的母亲,false
182,20,12,这一连串的疯狂撞击可把周围的路人吓得目瞪口呆,在巨大惯性的作用下,false
182,20,13,这一连串的疯狂撞击可把周围的路人吓得目瞪口呆,轿车又将路边两家夜宵摊掀倒后又撞上了2名路人,false
182,20,14,这一连串的疯狂撞击可把周围的路人吓得目瞪口呆,之后,false
182,20,15,这一连串的疯狂撞击可把周围的路人吓得目瞪口呆,又撞上了一辆黑色的宝马轿车,false
182,20,16,这一连串的疯狂撞击可把周围的路人吓得目瞪口呆,最后,false
182,20,17,这一连串的疯狂撞击可把周围的路人吓得目瞪口呆,轿车终于停了下来,false
182,20,18,这一连串的疯狂撞击可把周围的路人吓得目瞪口呆,此时,false
182,20,19,这一连串的疯狂撞击可把周围的路人吓得目瞪口呆,有人发现车底下还压着一名之前撞倒在地的女子,false
182,20,20,这一连串的疯狂撞击可把周围的路人吓得目瞪口呆,这一连串的疯狂撞击可把周围的路人吓得目瞪口呆,true
182,20,21,这一连串的疯狂撞击可把周围的路人吓得目瞪口呆,四散逃跑,false
183,5,1,子女心中难免有所怨恨,两个月前,false
183,5,2,子女心中难免有所怨恨,走投无路的贺先生只好回到老家宁波,false
183,5,3,子女心中难免有所怨恨,尝试联系自己的子女,false
183,5,4,子女心中难免有所怨恨,多年未见,true
183,5,5,子女心中难免有所怨恨,子女心中难免有所怨恨,false
183,5,6,子女心中难免有所怨恨,态度极为冷淡,false
183,5,7,子女心中难免有所怨恨,都不愿见面,false
183,5,8,子女心中难免有所怨恨,后来,false
183,5,9,子女心中难免有所怨恨,有朋友把他的近况告诉了张女士,false
183,5,10,子女心中难免有所怨恨,张女士说我原本只是想去看看他现在过得多落魄看看他悔不当初的样子,false
183,5,11,子女心中难免有所怨恨,可没想到,false
183,5,12,子女心中难免有所怨恨,见到他,false
183,5,13,子女心中难免有所怨恨,满面病容老态龙钟,false
183,5,14,子女心中难免有所怨恨,张女士说,false
183,5,15,子女心中难免有所怨恨,她当时心中一阵酸楚,false
183,5,16,子女心中难免有所怨恨,没考虑太多,false
183,5,17,子女心中难免有所怨恨,就把贺先生接回家中,false
183,5,18,子女心中难免有所怨恨,昨天才跟两个孩子商量好,false
183,5,19,子女心中难免有所怨恨,同意他们爸爸搬回来,false
183,5,20,子女心中难免有所怨恨,不管以后怎样,false
183,5,21,子女心中难免有所怨恨,夫妻一场,false
183,5,22,子女心中难免有所怨恨,我还是决定陪着他走下去照顾他,false
184,14,1,她当时心中一阵酸楚,两个月前,false
184,14,2,她当时心中一阵酸楚,走投无路的贺先生只好回到老家宁波,false
184,14,3,她当时心中一阵酸楚,尝试联系自己的子女,false
184,14,4,她当时心中一阵酸楚,多年未见,false
184,14,5,她当时心中一阵酸楚,子女心中难免有所怨恨,false
184,14,6,她当时心中一阵酸楚,态度极为冷淡,false
184,14,7,她当时心中一阵酸楚,都不愿见面,false
184,14,8,她当时心中一阵酸楚,后来,false
184,14,9,她当时心中一阵酸楚,有朋友把他的近况告诉了张女士,false
184,14,10,她当时心中一阵酸楚,张女士说我原本只是想去看看他现在过得多落魄看看他悔不当初的样子,false
184,14,11,她当时心中一阵酸楚,可没想到,false
184,14,12,她当时心中一阵酸楚,见到他满面病容老态龙钟,true
184,14,13,她当时心中一阵酸楚,张女士说,false
184,14,14,她当时心中一阵酸楚,她当时心中一阵酸楚,false
184,14,15,她当时心中一阵酸楚,没考虑太多,false
184,14,16,她当时心中一阵酸楚,就把贺先生接回家中,false
184,14,17,她当时心中一阵酸楚,昨天才跟两个孩子商量好,false
184,14,18,她当时心中一阵酸楚,同意他们爸爸搬回来,false
184,14,19,她当时心中一阵酸楚,不管以后怎样,false
184,14,20,她当时心中一阵酸楚,夫妻一场,false
184,14,21,她当时心中一阵酸楚,我还是决定陪着他走下去照顾他,false
185,18,1,旧怨新恨让李某萌生了报复胡某的想法,李某向警方供述说,false
185,18,2,旧怨新恨让李某萌生了报复胡某的想法,他曾与胡某订婚,false
185,18,3,旧怨新恨让李某萌生了报复胡某的想法,后性格原两人和平分手,false
185,18,4,旧怨新恨让李某萌生了报复胡某的想法,分手后他与胡某还以普通朋友的身份常联系,false
185,18,5,旧怨新恨让李某萌生了报复胡某的想法,在分手后,false
185,18,6,旧怨新恨让李某萌生了报复胡某的想法,胡某以做生意为,false
185,18,7,旧怨新恨让李某萌生了报复胡某的想法,向李某先后借钱10余万元,false
185,18,8,旧怨新恨让李某萌生了报复胡某的想法,没借钱时,false
185,18,9,旧怨新恨让李某萌生了报复胡某的想法,我们还经常联系,false
185,18,10,旧怨新恨让李某萌生了报复胡某的想法,等我把钱借给她胡某后,false
185,18,11,旧怨新恨让李某萌生了报复胡某的想法,胡某就意躲着我,false
185,18,12,旧怨新恨让李某萌生了报复胡某的想法,打电话也不接,false
185,18,13,旧怨新恨让李某萌生了报复胡某的想法,李某供述,false
185,18,14,旧怨新恨让李某萌生了报复胡某的想法,借钱一事后经双方家长协商,false
185,18,15,旧怨新恨让李某萌生了报复胡某的想法,胡某归还了一部分,false
185,18,16,旧怨新恨让李某萌生了报复胡某的想法,但剩下的钱却始终不肯还,false
185,18,17,旧怨新恨让李某萌生了报复胡某的想法,想到胡某与自己订婚后分手现在又借钱不还,true
185,18,18,旧怨新恨让李某萌生了报复胡某的想法,旧怨新恨让李某萌生了报复胡某的想法,false
186,3,1,躺在医院烧伤科的三女儿非常难受,昨日,false
186,3,2,躺在医院烧伤科的三女儿非常难受,提起这事,true
186,3,3,躺在医院烧伤科的三女儿非常难受,躺在医院烧伤科的三女儿非常难受,false
186,3,4,躺在医院烧伤科的三女儿非常难受,我在卧室照看我爸呢,false
186,3,5,躺在医院烧伤科的三女儿非常难受,听见了姐姐的尖叫,false
186,3,6,躺在医院烧伤科的三女儿非常难受,她赶紧出来看个究竟,false
186,3,7,躺在医院烧伤科的三女儿非常难受,在厨房里,false
186,3,8,躺在医院烧伤科的三女儿非常难受,她看见李某拿着装满塑料壶的硫酸向姐姐头上浇,false
186,3,9,躺在医院烧伤科的三女儿非常难受,姐姐的头部和身上都是硫酸,false
186,3,10,躺在医院烧伤科的三女儿非常难受,她和闻讯赶来的母亲,false
186,3,11,躺在医院烧伤科的三女儿非常难受,扑上去阻拦,false
186,3,12,躺在医院烧伤科的三女儿非常难受,李某不但没有停下来,false
186,3,13,躺在医院烧伤科的三女儿非常难受,反而将我们当做了目标,false
186,3,14,躺在医院烧伤科的三女儿非常难受,给我们身上泼起了硫酸,false
186,3,15,躺在医院烧伤科的三女儿非常难受,胡某腰病在床上躺着,false
186,3,16,躺在医院烧伤科的三女儿非常难受,看到家人遭受伤害,false
186,3,17,躺在医院烧伤科的三女儿非常难受,挣扎着下床跑过来,false
186,3,18,躺在医院烧伤科的三女儿非常难受,紧紧抱住李某,false
186,3,19,躺在医院烧伤科的三女儿非常难受,他也遭到硫酸的伤害,false
187,4,1,一时冲动跑到街上买了一袋老鼠药服下,据李某家人告知,false
187,4,2,一时冲动跑到街上买了一袋老鼠药服下,李某服老鼠药轻生的主要原,false
187,4,3,一时冲动跑到街上买了一袋老鼠药服下,是与男友感情纠葛想不开,true
187,4,4,一时冲动跑到街上买了一袋老鼠药服下,一时冲动跑到街上买了一袋老鼠药服下,false
187,4,5,一时冲动跑到街上买了一袋老鼠药服下,想以此了结情感上的烦恼,false
187,4,6,一时冲动跑到街上买了一袋老鼠药服下,在民警及其家人的劝导下,false
187,4,7,一时冲动跑到街上买了一袋老鼠药服下,经历过一回生死的李某表示再也不会感情冲动,false
187,4,8,一时冲动跑到街上买了一袋老鼠药服下,干出傻事来,false
188,9,1,受到惊吓的女生喊救命,警方表示,false
188,9,2,受到惊吓的女生喊救命,一名陈姓女高中生10月31日晚上近7时在嘉义市文化公园等待家人接送,false
188,9,3,受到惊吓的女生喊救命,江姓男子突然跑过去搭讪,false
188,9,4,受到惊吓的女生喊救命,自称我有钱,false
188,9,5,受到惊吓的女生喊救命,做我女朋友,false
188,9,6,受到惊吓的女生喊救命,女高中生当场拒绝,false
188,9,7,受到惊吓的女生喊救命,陈姓女学生欲转身离开,false
188,9,8,受到惊吓的女生喊救命,却遭江姓男子一把强拉其左手阻止,true
188,9,9,受到惊吓的女生喊救命,受到惊吓的女生喊救命,false
188,9,10,受到惊吓的女生喊救命,随即被江姓男子捂住嘴巴压倒在地,false
188,9,11,受到惊吓的女生喊救命,路人见状,false
188,9,12,受到惊吓的女生喊救命,大声斥喝,false
188,9,13,受到惊吓的女生喊救命,江姓男子松手起身,false
188,9,14,受到惊吓的女生喊救命,慌张地骑机车逃逸,false
189,15,1,感动得差点儿落泪,昨日7时许,false
189,15,2,感动得差点儿落泪,长春又是个雾霾天,false
189,15,3,感动得差点儿落泪,PM2.5数值是370,false
189,15,4,感动得差点儿落泪,严重污染,false
189,15,5,感动得差点儿落泪,解放大路与树勋街交会的绿化隔离带旁,false
189,15,6,感动得差点儿落泪,同时出现了一大一小两个身影,false
189,15,7,感动得差点儿落泪,一个是穿着橘色工作服的环卫女工,false
189,15,8,感动得差点儿落泪,另外一个是站在一旁,false
189,15,9,感动得差点儿落泪,看上去只有三四岁大的小女孩,false
189,15,10,感动得差点儿落泪,女孩很听话,false
189,15,11,感动得差点儿落泪,乖乖地站在矮树丛里,false
189,15,12,感动得差点儿落泪,环卫女工在工作,false
189,15,13,感动得差点儿落泪,时不时会伸出左臂拉住女孩的胳膊,false
189,15,14,感动得差点儿落泪,的哥孙桂发目睹到了这个画面,true
189,15,15,感动得差点儿落泪,感动得差点儿落泪,false
189,15,16,感动得差点儿落泪,孙桂发说看见孩子的小身影,false
189,15,17,感动得差点儿落泪,心里酸酸的,false
189,15,18,感动得差点儿落泪,环卫工生活真是不易,false
189,15,19,感动得差点儿落泪,孩子太懂事了,false
190,18,1,可这也太让人心酸了,31岁的孙桂发是一名白班的哥,false
190,18,2,可这也太让人心酸了,昨天7点半,false
190,18,3,可这也太让人心酸了,他刚好驾车途经树勋街向解放大路右转弯,false
190,18,4,可这也太让人心酸了,车刚开到路口,false
190,18,5,可这也太让人心酸了,他就看见马路中间的绿化隔离带旁有两个身影,false
190,18,6,可这也太让人心酸了,一大一小,false
190,18,7,可这也太让人心酸了,当时,false
190,18,8,可这也太让人心酸了,环卫女工正在干活,false
190,18,9,可这也太让人心酸了,包着头巾,false
190,18,10,可这也太让人心酸了,看不出年纪,false
190,18,11,可这也太让人心酸了,她一旁站着个小女孩,false
190,18,12,可这也太让人心酸了,三四岁的样子,false
190,18,13,可这也太让人心酸了,就站在矮树丛里一动不动,false
190,18,14,可这也太让人心酸了,孙桂发说,false
190,18,15,可这也太让人心酸了,当他看到这一幕时,false
190,18,16,可这也太让人心酸了,眼泪差点没掉下来,false
190,18,17,可这也太让人心酸了,都知道环卫工辛苦,false
190,18,18,可这也太让人心酸了,可这也太让人心酸了,false
190,18,19,可这也太让人心酸了,那么小的孩子就得跟大人出来扫马路,true
190,18,20,可这也太让人心酸了,看了让人心里难受,false
191,3,1,还在信中嘱咐养女水电费已交了…相依为命20多年的女儿焦急寻找,几天前,false
191,3,2,还在信中嘱咐养女水电费已交了…相依为命20多年的女儿焦急寻找,江苏扬州75岁的患癌老人夏居茂留下手表钱包及一封遗书后出走,true
191,3,3,还在信中嘱咐养女水电费已交了…相依为命20多年的女儿焦急寻找,还在信中嘱咐养女水电费已交了…相依为命20多年的女儿焦急寻找,false
191,3,4,还在信中嘱咐养女水电费已交了…相依为命20多年的女儿焦急寻找,前天,false
191,3,5,还在信中嘱咐养女水电费已交了…相依为命20多年的女儿焦急寻找,距老人出走不远的河边,false
191,3,6,还在信中嘱咐养女水电费已交了…相依为命20多年的女儿焦急寻找,有居民发现遗体,false
191,3,7,还在信中嘱咐养女水电费已交了…相依为命20多年的女儿焦急寻找,昨天,false
191,3,8,还在信中嘱咐养女水电费已交了…相依为命20多年的女儿焦急寻找,经养女辨认,false
191,3,9,还在信中嘱咐养女水电费已交了…相依为命20多年的女儿焦急寻找,确认是老人,false
192,5,1,令人感动的是,南夏邑一个24岁的农村女孩尹宾怡,false
192,5,2,令人感动的是,身高1.7米,false
192,5,3,令人感动的是,亭亭玉立,false
192,5,4,令人感动的是,就是这样一位容貌俊美的姑娘却不幸患上了白血病,false
192,5,5,令人感动的是,令人感动的是,false
192,5,6,令人感动的是,和她年令相差不多的哥哥尹永涛为了挽救妹妹的生命为她做了5次骨髓移植,true
192,5,7,令人感动的是,诠释了兄妹之间割舍不断的人间真情,false
193,8,1,感激的泪水就会夺眶而出,只要有一丝希望,false
193,8,2,感激的泪水就会夺眶而出,我们都不会放弃,false
193,8,3,感激的泪水就会夺眶而出,尹永涛哀求着说,false
193,8,4,感激的泪水就会夺眶而出,只要能救妹妹的命,false
193,8,5,感激的泪水就会夺眶而出,他愿意再去尝试,false
193,8,6,感激的泪水就会夺眶而出,但是院方的建议是采用非血缘关系相匹配的骨髓或许成功率更高,false
193,8,7,感激的泪水就会夺眶而出,如今已康复出院的尹宾怡提起哥哥为了救她做5次骨髓移植的事,true
193,8,8,感激的泪水就会夺眶而出,感激的泪水就会夺眶而出,false
194,20,1,这让陈晓毅很是气愤,陈晓毅说,false
194,20,2,这让陈晓毅很是气愤,父亲今年61岁了,false
194,20,3,这让陈晓毅很是气愤,只有他这么一个儿子,false
194,20,4,这让陈晓毅很是气愤,而母亲已于10年前去世,false
194,20,5,这让陈晓毅很是气愤,一边是需要照顾的父亲,false
194,20,6,这让陈晓毅很是气愤,一边是不能少了顶梁柱的小家庭,false
194,20,7,这让陈晓毅很是气愤,陈晓毅面对如此两难的选择时,false
194,20,8,这让陈晓毅很是气愤,在没有和妻子小谭商量的前提下,false
194,20,9,这让陈晓毅很是气愤,他擅自决定选择辞职回家照顾父亲,false
194,20,10,这让陈晓毅很是气愤,我一直觉得没有尽到孝心,false
194,20,11,这让陈晓毅很是气愤,陈晓毅称,false
194,20,12,这让陈晓毅很是气愤,得知丈夫辞职要回家照顾父亲的消息后,false
194,20,13,这让陈晓毅很是气愤,小谭认为丈夫缺少家庭责任感,false
194,20,14,这让陈晓毅很是气愤,而且不尊重自己,false
194,20,15,这让陈晓毅很是气愤,没有和自己商量就辞职,false
194,20,16,这让陈晓毅很是气愤,让家庭生活陷入困境,false
194,20,17,这让陈晓毅很是气愤,为此,false
194,20,18,这让陈晓毅很是气愤,两人不断争吵,true
194,20,19,这让陈晓毅很是气愤,而作为长辈的汤某也经常完全站在女儿一边数落女婿,true
194,20,20,这让陈晓毅很是气愤,这让陈晓毅很是气愤,false
195,12,1,刘海笛觉得还是有一些后悔,晨报曾于本月18日以女总监的两难选择为题,false
195,12,2,刘海笛觉得还是有一些后悔,报道了曾经月薪过3万的女总监刘海笛,false
195,12,3,刘海笛觉得还是有一些后悔,放弃高薪回到重庆照顾母亲一事,false
195,12,4,刘海笛觉得还是有一些后悔,十多天过去了,false
195,12,5,刘海笛觉得还是有一些后悔,刘海笛现在的状况如何,false
195,12,6,刘海笛觉得还是有一些后悔,她对自己当初的选择是否后悔呢,false
195,12,7,刘海笛觉得还是有一些后悔,昨天,false
195,12,8,刘海笛觉得还是有一些后悔,见到刘海笛时,false
195,12,9,刘海笛觉得还是有一些后悔,她精神好了很多,false
195,12,10,刘海笛觉得还是有一些后悔,脸上也有了血色,false
195,12,11,刘海笛觉得还是有一些后悔,谈到当初放弃高薪回重庆照顾母亲的决定,true
195,12,12,刘海笛觉得还是有一些后悔,刘海笛觉得还是有一些后悔,false
195,12,13,刘海笛觉得还是有一些后悔,这个决定多少有些冲动,false
195,12,14,刘海笛觉得还是有一些后悔,她说,false
195,12,15,刘海笛觉得还是有一些后悔,现在静下心来细想,false
195,12,16,刘海笛觉得还是有一些后悔,这个冲动的决定让她陷入窘境,false
195,12,17,刘海笛觉得还是有一些后悔,不但治疗费用没保障,false
195,12,18,刘海笛觉得还是有一些后悔,也没将母亲照顾好,false
195,12,19,刘海笛觉得还是有一些后悔,这与她最初的想法是背道而驰的,false
196,11,1,她有点后悔当初的冲动决定,她刘海迪,false
196,11,2,她有点后悔当初的冲动决定,通过自力更生,false
196,11,3,她有点后悔当初的冲动决定,成为小有名气的服装设计师,false
196,11,4,她有点后悔当初的冲动决定,在香港奥拉摩达服装有限公司担任服装设计总监,false
196,11,5,她有点后悔当初的冲动决定,月薪3万,false
196,11,6,她有点后悔当初的冲动决定,母亲病重,false
196,11,7,她有点后悔当初的冲动决定,毅然放弃工作,false
196,11,8,她有点后悔当初的冲动决定,回到重庆照顾母亲,false
196,11,9,她有点后悔当初的冲动决定,如今,false
196,11,10,她有点后悔当初的冲动决定,没有了经济来源,false
196,11,11,她有点后悔当初的冲动决定,她有点后悔当初的冲动决定,true
196,11,12,她有点后悔当初的冲动决定,但她也在努力寻找工作,false
196,11,13,她有点后悔当初的冲动决定,他陈晓毅,false
196,11,14,她有点后悔当初的冲动决定,在一建材公司工作,false
196,11,15,她有点后悔当初的冲动决定,在老家的父亲中风瘫痪在床,false
196,11,16,她有点后悔当初的冲动决定,他在没有和妻子商量的情况下,false
196,11,17,她有点后悔当初的冲动决定,毅然辞职回家照顾父亲,false
196,11,18,她有点后悔当初的冲动决定,如今,false
196,11,19,她有点后悔当初的冲动决定,妻子为此起诉要求和他离婚,false
197,15,1,父母伤心至极,10月22日晚,false
197,15,2,父母伤心至极,黎明驾驶摩托车行至周市镇迎宾路时遭遇车祸,false
197,15,3,父母伤心至极,当即昏迷,false
197,15,4,父母伤心至极,被送往昆山市第一人民医院抢救,false
197,15,5,父母伤心至极,医院虽全力抢救,false
197,15,6,父母伤心至极,遗憾的是,false
197,15,7,父母伤心至极,黎明还是出现了昏迷自主呼吸消失等症状,false
197,15,8,父母伤心至极,医生初步诊断为脑死亡,false
197,15,9,父母伤心至极,这意味着,false
197,15,10,父母伤心至极,一旦撤下呼吸机,false
197,15,11,父母伤心至极,小伙的心跳就会停止,false
197,15,12,父母伤心至极,得知情况后,false
197,15,13,父母伤心至极,远在老家的父母第一时间赶到昆山,false
197,15,14,父母伤心至极,望着躺在病床上的儿子,true
197,15,15,父母伤心至极,父母伤心至极,false
197,15,16,父母伤心至极,每天以泪洗面,false
198,15,1,在场的所有人都被两位老人的深明大义所感动,家人含泪决定捐献器官儿子已醒来无望,false
198,15,2,在场的所有人都被两位老人的深明大义所感动,父母听说,false
198,15,3,在场的所有人都被两位老人的深明大义所感动,可以将黎明的器官捐献出来,false
198,15,4,在场的所有人都被两位老人的深明大义所感动,挽救别人的生命,false
198,15,5,在场的所有人都被两位老人的深明大义所感动,朴实的父母亲虽万般不舍,false
198,15,6,在场的所有人都被两位老人的深明大义所感动,但想到儿子的奉献能帮助别人,false
198,15,7,在场的所有人都被两位老人的深明大义所感动,且以另一种方式延续生命,false
198,15,8,在场的所有人都被两位老人的深明大义所感动,不禁动了心,false
198,15,9,在场的所有人都被两位老人的深明大义所感动,昆山红十字会得知黎明父母的想法后,false
198,15,10,在场的所有人都被两位老人的深明大义所感动,立即派人赶到医院,false
198,15,11,在场的所有人都被两位老人的深明大义所感动,与他们沟通,false
198,15,12,在场的所有人都被两位老人的深明大义所感动,黎明的父母很坚定,false
198,15,13,在场的所有人都被两位老人的深明大义所感动,并郑重决定捐献孩子身上有用的器官,false
198,15,14,在场的所有人都被两位老人的深明大义所感动,挽救别人的生命,false
198,15,15,在场的所有人都被两位老人的深明大义所感动,在场的所有人都被两位老人的深明大义所感动,true
199,8,1,但让居民们愤怒的是,火灾发生于昨日凌晨2点左右,false
199,8,2,但让居民们愤怒的是,火势很大,false
199,8,3,但让居民们愤怒的是,起火后,false
199,8,4,但让居民们愤怒的是,浓烟迅速笼罩整栋居民楼,false
199,8,5,但让居民们愤怒的是,很多居民被呛醒,false
199,8,6,但让居民们愤怒的是,在物业和消防队员的疏散下,false
199,8,7,但让居民们愤怒的是,居民们通过安全通道聚集到楼下空旷地带,false
199,8,8,但让居民们愤怒的是,但让居民们愤怒的是,false
199,8,9,但让居民们愤怒的是,起火房屋的主人曾阻止邻居报警,true
199,8,10,但让居民们愤怒的是,我被呛醒了,false
199,8,11,但让居民们愤怒的是,一看,false
199,8,12,但让居民们愤怒的是,恁大的烟,false
199,8,13,但让居民们愤怒的是,我赶紧打开后窗户,false
199,8,14,但让居民们愤怒的是,并报警,false
199,8,15,但让居民们愤怒的是,但是他们居然说谁报警弄死谁,false
200,15,1,案件是令人伤感的悲剧,据香港电台消息,false
200,15,2,案件是令人伤感的悲剧,香港一名59岁有家暴前科的男子,false
200,15,3,案件是令人伤感的悲剧,怀疑年轻10年的妻子不忠,false
200,15,4,案件是令人伤感的悲剧,到妻子工作的酒楼,false
200,15,5,案件是令人伤感的悲剧,狂斩她10刀,false
200,15,6,案件是令人伤感的悲剧,妻子最终不治,false
200,15,7,案件是令人伤感的悲剧,被告谋杀罪成,false
200,15,8,案件是令人伤感的悲剧,判处终身监禁,false
200,15,9,案件是令人伤感的悲剧,被告早前在香港高等法院否认谋杀罪名,false
200,15,10,案件是令人伤感的悲剧,4男3女陪审团早上退庭商讨约两个多小时后,false
200,15,11,案件是令人伤感的悲剧,以大比数6比1裁定被告谋杀罪成,false
200,15,12,案件是令人伤感的悲剧,被告听取裁决及判刑时,false
200,15,13,案件是令人伤感的悲剧,一直低头,false
200,15,14,案件是令人伤感的悲剧,法官形容,false
200,15,15,案件是令人伤感的悲剧,案件是令人伤感的悲剧,false
200,15,16,案件是令人伤感的悲剧,被告以尖刀狂刺妻子力度大得令妻子的胸骨折断主要器官严重受损,true
200,15,17,案件是令人伤感的悲剧,法官指,false
200,15,18,案件是令人伤感的悲剧,被告不但夺去妻子宝贵性命,false
200,15,19,案件是令人伤感的悲剧,更令儿子失去母亲,false
200,15,20,案件是令人伤感的悲剧,一手导致家散人亡,false
